area_title,occ_title,tot_emp,emp_prse,jobs_1000,loc_quotient,h_mean,a_mean,mean_prse,Unnamed: 9,Unnamed: 10,Unnamed: 11,Unnamed: 12,Unnamed: 13,Unnamed: 14,Unnamed: 15,Unnamed: 16,Unnamed: 17,Unnamed: 18,Unnamed: 19,Unnamed: 20,Unnamed: 21,Unnamed: 22,Unnamed: 23,Unnamed: 24,Unnamed: 25,Unnamed: 26,Unnamed: 27,Unnamed: 28,Unnamed: 29
Alabama,All Occupations,1974170,0.4,1000,1,21.6,44930,0.5,,,,,,,,,,,,,,,,,,,,,
Alabama,Management Occupations,83760,1.2,42.428,0.77,51.86,107860,0.6,,,,,,,,,,,,,,,,,,,,,
Alabama,Chief Executives,1320,6.8,0.67,0.48,92.84,193110,3.1,,,,,,,,,,,,,,,,,,,,,
Alabama,General and Operations Managers,30790,1.8,15.598,0.95,56.41,117340,0.9,,,,,,,,,,,,,,,,,,,,,
Alabama,Legislators,1110,7.5,0.562,1.58,*,29130,4.8,,,,,,,,,,,,,,,,,,,,,
Alabama,Advertising and Promotions Managers,70,17.3,0.034,0.2,49.85,103680,9.6,,,,,,,,,,,,,,,,,,,,,
Alabama,Marketing Managers,1040,5.4,0.528,0.29,55.99,116450,2.4,,,,,,,,,,,,,,,,,,,,,
Alabama,Sales Managers,2670,5.1,1.35,0.49,53.81,111930,1.8,,,,,,,,,,,,,,,,,,,,,
Alabama,Public Relations and Fundraising Managers,510,9,0.26,0.48,41.62,86570,3.3,,,,,,,,,,,,,,,,,,,,,
Alabama,Administrative Services and Facilities Managers,1050,5.1,0.531,0.25,48.56,101000,2,,,,,,,,,,,,,,,,,,,,,
Alabama,Computer and Information Systems Managers,3650,4.7,1.851,0.63,62.43,129860,1.2,,,,,,,,,,,,,,,,,,,,,
Alabama,Financial Managers,5480,2.8,2.775,0.62,62.06,129090,1.4,,,,,,,,,,,,,,,,,,,,,
Alabama,Industrial Production Managers,3320,3.4,1.684,1.33,52.78,109770,1.1,,,,,,,,,,,,,,,,,,,,,
Alabama,Purchasing Managers,880,3.3,0.448,0.91,51.8,107740,2,,,,,,,,,,,,,,,,,,,,,
Alabama,"Transportation, Storage, and Distribution Managers",1250,9.7,0.633,0.7,43.5,90480,3.9,,,,,,,,,,,,,,,,,,,,,
Alabama,Compensation and Benefits Managers,60,10.6,0.031,0.27,51.53,107190,7.3,,,,,,,,,,,,,,,,,,,,,
Alabama,Human Resources Managers,1440,3.7,0.731,0.69,52.17,108510,1.2,,,,,,,,,,,,,,,,,,,,,
Alabama,Training and Development Managers,210,8.3,0.106,0.4,51.94,108040,4.2,,,,,,,,,,,,,,,,,,,,,
Alabama,Construction Managers,3650,5.2,1.849,0.93,47.38,98550,1.9,,,,,,,,,,,,,,,,,,,,,
Alabama,"Education and Childcare Administrators, Preschool and Daycare",470,18.3,0.24,0.67,22.55,46910,7.9,,,,,,,,,,,,,,,,,,,,,
Alabama,"Education Administrators, Kindergarten through Secondary",3630,4.5,1.838,1,*,83710,1.3,,,,,,,,,,,,,,,,,,,,,
Alabama,"Education Administrators, Postsecondary",**,**,**,**,52.21,108600,3.5,,,,,,,,,,,,,,,,,,,,,
Alabama,Architectural and Engineering Managers,2340,4.6,1.188,0.9,68.51,142490,1.8,,,,,,,,,,,,,,,,,,,,,
Alabama,Food Service Managers,2690,6.5,1.364,0.85,28.16,58580,2.8,,,,,,,,,,,,,,,,,,,,,
Alabama,Lodging Managers,490,13.4,0.25,0.96,26.31,54720,5.6,,,,,,,,,,,,,,,,,,,,,
Alabama,Medical and Health Services Managers,**,**,**,**,45.27,94160,1.5,,,,,,,,,,,,,,,,,,,,,
Alabama,Natural Sciences Managers,200,12.9,0.103,0.22,56.4,117310,3.4,,,,,,,,,,,,,,,,,,,,,
Alabama,Postmasters and Mail Superintendents,280,0,0.142,1.5,38.35,79760,0.7,,,,,,,,,,,,,,,,,,,,,
Alabama,"Property, Real Estate, and Community Association Managers",1750,8.8,0.888,0.59,29.04,60390,3.5,,,,,,,,,,,,,,,,,,,,,
Alabama,Social and Community Service Managers,**,**,**,**,30.82,64110,1.6,,,,,,,,,,,,,,,,,,,,,
Alabama,Emergency Management Directors,220,3.6,0.111,1.62,36.9,76750,2.6,,,,,,,,,,,,,,,,,,,,,
Alabama,Funeral Home Managers,220,14.5,0.11,1.72,37.79,78610,8.5,,,,,,,,,,,,,,,,,,,,,
Alabama,"Personal Service Managers, All Other; Entertainment and Recreation Managers, Except Gambling; and Managers, All Other",2170,3.1,1.098,0.34,51.19,106470,2.6,,,,,,,,,,,,,,,,,,,,,
Alabama,Business and Financial Operations Occupations,78600,1.2,39.813,0.71,35.18,73180,0.7,,,,,,,,,,,,,,,,,,,,,
Alabama,Buyers and Purchasing Agents,6440,2.2,3.261,1.14,32.99,68620,4.1,,,,,,,,,,,,,,,,,,,,,
Alabama,"Claims Adjusters, Examiners, and Investigators",4160,6.9,2.105,1.07,31.83,66200,1.9,,,,,,,,,,,,,,,,,,,,,
Alabama,"Insurance Appraisers, Auto Damage",240,24.2,0.123,1.32,28.97,60260,6.6,,,,,,,,,,,,,,,,,,,,,
Alabama,Compliance Officers,2140,3.3,1.084,0.5,32.7,68010,1.5,,,,,,,,,,,,,,,,,,,,,
Alabama,Cost Estimators,2180,6.2,1.104,0.77,29.25,60840,1.6,,,,,,,,,,,,,,,,,,,,,
Alabama,Human Resources Specialists,6100,2,3.092,0.72,29.65,61660,0.8,,,,,,,,,,,,,,,,,,,,,
Alabama,Labor Relations Specialists,890,8.3,0.448,0.87,22.61,47030,10.5,,,,,,,,,,,,,,,,,,,,,
Alabama,Logisticians,4060,4.1,2.058,1.66,42.15,87670,4.2,,,,,,,,,,,,,,,,,,,,,
Alabama,Management Analysts,4630,5,2.348,0.49,45.45,94530,2.4,,,,,,,,,,,,,,,,,,,,,
Alabama,"Meeting, Convention, and Event Planners",720,11.7,0.364,0.46,22.52,46840,2.3,,,,,,,,,,,,,,,,,,,,,
Alabama,Fundraisers,650,10,0.328,0.59,24.21,50360,2.9,,,,,,,,,,,,,,,,,,,,,
Alabama,"Compensation, Benefits, and Job Analysis Specialists",590,7.7,0.297,0.49,29.32,60980,2.7,,,,,,,,,,,,,,,,,,,,,
Alabama,Training and Development Specialists,2520,4.9,1.275,0.6,31.02,64530,1.9,,,,,,,,,,,,,,,,,,,,,
Alabama,Market Research Analysts and Marketing Specialists,4410,3.8,2.234,0.48,29.14,60620,1.5,,,,,,,,,,,,,,,,,,,,,
Alabama,"Project Management Specialists and Business Operations Specialists, All Other",7580,2.2,3.839,0.44,42.34,88070,3.3,,,,,,,,,,,,,,,,,,,,,
Alabama,Accountants and Auditors,17400,2.2,8.814,1.01,34.67,72120,1.1,,,,,,,,,,,,,,,,,,,,,
Alabama,Property Appraisers and Assessors,900,11.8,0.456,1.19,27.46,57110,8.5,,,,,,,,,,,,,,,,,,,,,
Alabama,Budget Analysts,860,3,0.434,1.24,40.87,85010,3.4,,,,,,,,,,,,,,,,,,,,,
Alabama,Credit Analysts,510,8.6,0.258,0.51,39.44,82030,3.6,,,,,,,,,,,,,,,,,,,,,
Alabama,Personal Financial Advisors,1950,10,0.987,0.69,57.19,118950,6.3,,,,,,,,,,,,,,,,,,,,,
Alabama,Insurance Underwriters,840,12.3,0.425,0.62,36.99,76930,5.8,,,,,,,,,,,,,,,,,,,,,
Alabama,Financial Examiners,1270,2.4,0.641,1.46,29.72,61830,5.1,,,,,,,,,,,,,,,,,,,,,
Alabama,Credit Counselors,230,17.7,0.114,0.52,23.62,49120,3.6,,,,,,,,,,,,,,,,,,,,,
Alabama,Loan Officers,3720,6.1,1.884,0.9,34.03,70790,3.6,,,,,,,,,,,,,,,,,,,,,
Alabama,"Tax Examiners and Collectors, and Revenue Agents",1000,0.6,0.509,1.39,28.3,58860,1.4,,,,,,,,,,,,,,,,,,,,,
Alabama,Tax Preparers,500,24.2,0.253,0.56,19.52,40610,11.5,,,,,,,,,,,,,,,,,,,,,
Alabama,"Financial and Investment Analysts, Financial Risk Specialists, and Financial Specialists, All Other",2110,5,1.068,0.34,40.98,85240,2,,,,,,,,,,,,,,,,,,,,,
Alabama,Computer and Mathematical Occupations,44070,2.3,22.322,0.72,41.01,85300,1.1,,,,,,,,,,,,,,,,,,,,,
Alabama,Computer Systems Analysts,4310,4.8,2.185,0.54,42.12,87600,1.4,,,,,,,,,,,,,,,,,,,,,
Alabama,Information Security Analysts,1570,5.9,0.796,0.93,42.67,88750,2.4,,,,,,,,,,,,,,,,,,,,,
Alabama,Computer Network Support Specialists,1210,8.3,0.614,0.49,29.66,61680,2.8,,,,,,,,,,,,,,,,,,,,,
Alabama,Computer User Support Specialists,6480,5.6,3.283,0.74,24.79,51550,1.8,,,,,,,,,,,,,,,,,,,,,
Alabama,Computer Network Architects,1310,8.8,0.661,0.64,52.76,109740,3,,,,,,,,,,,,,,,,,,,,,
Alabama,Network and Computer Systems Administrators,4090,3.2,2.07,0.86,37.23,77430,1.2,,,,,,,,,,,,,,,,,,,,,
Alabama,Database Administrators and Architects,2430,4.5,1.232,1.44,41.13,85550,1.8,,,,,,,,,,,,,,,,,,,,,
Alabama,Computer Programmers,6200,7.3,3.139,2.31,43.44,90360,2,,,,,,,,,,,,,,,,,,,,,
Alabama,Software Developers and Software Quality Assurance Analysts and Testers,11800,4.7,5.978,0.62,48.48,100840,1.4,,,,,,,,,,,,,,,,,,,,,
Alabama,Web Developers and Digital Interface Designers,760,12.1,0.387,0.38,32.25,67070,5.1,,,,,,,,,,,,,,,,,,,,,
Alabama,"Computer Occupations, All Other",2240,3.4,1.137,0.42,38.93,80970,3.2,,,,,,,,,,,,,,,,,,,,,
Alabama,Actuaries,100,33.2,0.049,0.32,56.99,118530,7.8,,,,,,,,,,,,,,,,,,,,,
Alabama,Operations Research Analysts,670,4.8,0.338,0.5,44.14,91800,5.1,,,,,,,,,,,,,,,,,,,,,
Alabama,Statisticians,220,6.3,0.113,0.42,31.28,65060,1.9,,,,,,,,,,,,,,,,,,,,,
Alabama,Architecture and Engineering Occupations,44480,1.9,22.531,1.28,42.91,89260,2.5,,,,,,,,,,,,,,,,,,,,,
Alabama,"Architects, Except Landscape and Naval",1010,10.7,0.512,0.71,42.58,88560,2.2,,,,,,,,,,,,,,,,,,,,,
Alabama,Landscape Architects,**,**,**,**,29.76,61910,3.2,,,,,,,,,,,,,,,,,,,,,
Alabama,Cartographers and Photogrammetrists,100,5.3,0.049,0.64,32.36,67310,2.1,,,,,,,,,,,,,,,,,,,,,
Alabama,Surveyors,**,**,**,**,25.58,53200,4.2,,,,,,,,,,,,,,,,,,,,,
Alabama,Aerospace Engineers,4070,8,2.061,4.79,57.64,119890,2.9,,,,,,,,,,,,,,,,,,,,,
Alabama,Chemical Engineers,630,19.1,0.318,1.55,50.87,105800,2.7,,,,,,,,,,,,,,,,,,,,,
Alabama,Civil Engineers,4020,6,2.036,0.96,44.36,92270,2,,,,,,,,,,,,,,,,,,,,,
Alabama,Computer Hardware Engineers,1190,10,0.605,1.31,53.6,111490,1.9,,,,,,,,,,,,,,,,,,,,,
Alabama,Electrical Engineers,4600,5.7,2.33,1.84,49.65,103260,1.2,,,,,,,,,,,,,,,,,,,,,
Alabama,"Electronics Engineers, Except Computer",1620,6.5,0.821,0.94,53.09,110440,2.5,,,,,,,,,,,,,,,,,,,,,
Alabama,Environmental Engineers,800,8.9,0.404,1.12,40.3,83830,2.1,,,,,,,,,,,,,,,,,,,,,
Alabama,"Health and Safety Engineers, Except Mining Safety Engineers and Inspectors",620,12,0.313,1.78,48.23,100320,1.8,,,,,,,,,,,,,,,,,,,,,
Alabama,Industrial Engineers,5900,3.8,2.987,1.5,42.94,89310,1.3,,,,,,,,,,,,,,,,,,,,,
Alabama,Materials Engineers,790,7.3,0.402,2.2,43.52,90530,3,,,,,,,,,,,,,,,,,,,,,
Alabama,Mechanical Engineers,3650,5.7,1.848,0.88,44.66,92900,1.6,,,,,,,,,,,,,,,,,,,,,
Alabama,"Mining and Geological Engineers, Including Mining Safety Engineers",180,17.5,0.093,2.18,43.88,91270,5,,,,,,,,,,,,,,,,,,,,,
Alabama,Petroleum Engineers,80,33.7,0.042,0.19,62.24,129460,7,,,,,,,,,,,,,,,,,,,,,
Alabama,"Engineers, All Other",3620,3.1,1.832,1.77,56.46,117430,2.6,,,,,,,,,,,,,,,,,,,,,
Alabama,Architectural and Civil Drafters,1020,8.2,0.517,0.77,25.86,53780,2,,,,,,,,,,,,,,,,,,,,,
Alabama,Electrical and Electronics Drafters,270,18.1,0.138,0.84,24.19,50310,4.6,,,,,,,,,,,,,,,,,,,,,
Alabama,Mechanical Drafters,700,17.7,0.355,0.94,28.02,58290,4,,,,,,,,,,,,,,,,,,,,,
Alabama,"Drafters, All Other",180,28.4,0.092,0.92,20.22,42060,4.9,,,,,,,,,,,,,,,,,,,,,
Alabama,Aerospace Engineering and Operations Technologists and Technicians,460,10.4,0.233,2.97,30.54,63520,5.4,,,,,,,,,,,,,,,,,,,,,
Alabama,Civil Engineering Technologists and Technicians,1900,8.1,0.964,2.06,22.32,46430,3,,,,,,,,,,,,,,,,,,,,,
Alabama,Electrical and Electronic Engineering Technologists and Technicians,2230,11.7,1.131,1.36,29.09,60510,1.7,,,,,,,,,,,,,,,,,,,,,
Alabama,Electro-Mechanical and Mechatronics Technologists and Technicians,60,32,0.032,0.33,*,*,*,,,,,,,,,,,,,,,,,,,,,
Alabama,Environmental Engineering Technologists and Technicians,240,26.7,0.122,1,24.31,50570,7.1,,,,,,,,,,,,,,,,,,,,,
Alabama,Industrial Engineering Technologists and Technicians,980,5.7,0.495,1.08,25.23,52480,2,,,,,,,,,,,,,,,,,,,,,
Alabama,Mechanical Engineering Technologists and Technicians,610,12.5,0.307,1.05,26.64,55420,2.1,,,,,,,,,,,,,,,,,,,,,
Alabama,Surveying and Mapping Technicians,800,8.4,0.405,1.12,20.64,42930,2.4,,,,,,,,,,,,,,,,,,,,,
Alabama,"Calibration Technologists and Technicians and Engineering Technologists and Technicians, Except Drafters, All Other",790,10.8,0.399,0.66,30.36,63150,4,,,,,,,,,,,,,,,,,,,,,
Alabama,"Life, Physical, and Social Science Occupations",10740,2.5,5.441,0.62,31.31,65120,2.2,,,,,,,,,,,,,,,,,,,,,
Alabama,Food Scientists and Technologists,80,38.9,0.041,0.45,25.82,53700,6.2,,,,,,,,,,,,,,,,,,,,,
Alabama,Soil and Plant Scientists,70,9.2,0.035,0.36,30.37,63160,2.6,,,,,,,,,,,,,,,,,,,,,
Alabama,Microbiologists,140,4.4,0.07,0.56,30.9,64270,4.4,,,,,,,,,,,,,,,,,,,,,
Alabama,Zoologists and Wildlife Biologists,210,10.3,0.108,0.82,28.78,59860,1.8,,,,,,,,,,,,,,,,,,,,,
Alabama,"Biological Scientists, All Other",270,9,0.136,0.5,32.27,67130,3.3,,,,,,,,,,,,,,,,,,,,,
Alabama,Conservation Scientists,100,12,0.052,0.34,33.68,70050,2.6,,,,,,,,,,,,,,,,,,,,,
Alabama,Foresters,260,26.5,0.131,2.02,30.65,63760,3.8,,,,,,,,,,,,,,,,,,,,,
Alabama,Epidemiologists,60,0,0.03,0.59,30.44,63310,1.7,,,,,,,,,,,,,,,,,,,,,
Alabama,"Medical Scientists, Except Epidemiologists",510,5.8,0.259,0.3,33.4,69460,9.8,,,,,,,,,,,,,,,,,,,,,
Alabama,"Life Scientists, All Other",70,5.6,0.037,0.84,46.66,97060,2.2,,,,,,,,,,,,,,,,,,,,,
Alabama,Physicists,170,9.9,0.084,0.74,68.89,143290,7.6,,,,,,,,,,,,,,,,,,,,,
Alabama,Atmospheric and Space Scientists,100,8,0.05,0.79,41.34,85990,2.2,,,,,,,,,,,,,,,,,,,,,
Alabama,Chemists,700,11.3,0.354,0.62,37.69,78400,2.8,,,,,,,,,,,,,,,,,,,,,
Alabama,Materials Scientists,60,31.8,0.031,0.68,31.25,65010,4.1,,,,,,,,,,,,,,,,,,,,,
Alabama,"Environmental Scientists and Specialists, Including Health",870,9.6,0.439,0.76,30.23,62880,2.6,,,,,,,,,,,,,,,,,,,,,
Alabama,"Geoscientists, Except Hydrologists and Geographers",160,10.1,0.08,0.4,31.36,65230,3.1,,,,,,,,,,,,,,,,,,,,,
Alabama,"Physical Scientists, All Other",110,0,0.055,0.46,57.99,120610,3,,,,,,,,,,,,,,,,,,,,,
Alabama,Economists,50,3.8,0.024,0.19,47.98,99800,4.2,,,,,,,,,,,,,,,,,,,,,
Alabama,"Clinical, Counseling, and School Psychologists",770,13.9,0.39,0.51,33.26,69190,3.4,,,,,,,,,,,,,,,,,,,,,
Alabama,"Psychologists, All Other",130,1,0.068,0.71,44.21,91970,1.2,,,,,,,,,,,,,,,,,,,,,
Alabama,Urban and Regional Planners,430,8.2,0.215,0.82,28.16,58570,2.2,,,,,,,,,,,,,,,,,,,,,
Alabama,Anthropologists and Archeologists,60,15.9,0.032,0.7,26.3,54700,1.7,,,,,,,,,,,,,,,,,,,,,
Alabama,"Social Scientists and Related Workers, All Other",220,0,0.112,0.49,41.09,85470,1.3,,,,,,,,,,,,,,,,,,,,,
Alabama,Agricultural and Food Science Technicians,120,15.9,0.06,0.4,19.22,39980,2.4,,,,,,,,,,,,,,,,,,,,,
Alabama,Biological Technicians,630,4,0.322,0.59,18.43,38340,1.7,,,,,,,,,,,,,,,,,,,,,
Alabama,Chemical Technicians,1310,7.7,0.661,1.48,26.23,54560,2.1,,,,,,,,,,,,,,,,,,,,,
Alabama,"Environmental Science and Protection Technicians, Including Health",240,14.6,0.123,0.55,24.46,50880,4,,,,,,,,,,,,,,,,,,,,,
Alabama,Geological and Hydrologic Technicians,40,11.4,0.022,0.19,26.66,55450,9.1,,,,,,,,,,,,,,,,,,,,,
Alabama,Social Science Research Assistants,40,8.6,0.02,0.08,15.27,31770,4.2,,,,,,,,,,,,,,,,,,,,,
Alabama,Forest and Conservation Technicians,200,4.4,0.103,0.79,21.59,44900,0.9,,,,,,,,,,,,,,,,,,,,,
Alabama,Forensic Science Technicians,160,0.1,0.081,0.72,23.38,48630,1.3,,,,,,,,,,,,,,,,,,,,,
Alabama,"Life, Physical, and Social Science Technicians, All Other",450,6.1,0.229,0.52,23.67,49240,2.8,,,,,,,,,,,,,,,,,,,,,
Alabama,Occupational Health and Safety Specialists,1330,8.6,0.672,1.06,34.75,72280,2.5,,,,,,,,,,,,,,,,,,,,,
Alabama,Occupational Health and Safety Technicians,340,8.8,0.175,1.25,24.37,50690,2.6,,,,,,,,,,,,,,,,,,,,,
Alabama,Community and Social Service Occupations,19650,2.3,9.953,0.65,21.46,44630,1,,,,,,,,,,,,,,,,,,,,,
Alabama,"Educational, Guidance, and Career Counselors and Advisors",4460,6.8,2.258,1.12,25.54,53120,1.6,,,,,,,,,,,,,,,,,,,,,
Alabama,Marriage and Family Therapists,260,16.6,0.131,0.33,20.43,42480,5,,,,,,,,,,,,,,,,,,,,,
Alabama,Rehabilitation Counselors,830,18.1,0.419,0.56,21.62,44960,3.9,,,,,,,,,,,,,,,,,,,,,
Alabama,"Substance Abuse, Behavioral Disorder, and Mental Health Counselors",1860,6.6,0.942,0.49,20.7,43060,1.9,,,,,,,,,,,,,,,,,,,,,
Alabama,"Counselors, All Other",140,14.6,0.069,0.4,24.17,50270,7.6,,,,,,,,,,,,,,,,,,,,,
Alabama,"Child, Family, and School Social Workers",3510,3.3,1.78,0.8,19.75,41090,1,,,,,,,,,,,,,,,,,,,,,
Alabama,Healthcare Social Workers,2530,4.7,1.279,1.07,22.69,47190,1.2,,,,,,,,,,,,,,,,,,,,,
Alabama,Mental Health and Substance Abuse Social Workers,1080,8.5,0.548,0.68,18.36,38190,3,,,,,,,,,,,,,,,,,,,,,
Alabama,"Social Workers, All Other",420,6.4,0.213,0.54,28.43,59140,3.2,,,,,,,,,,,,,,,,,,,,,
Alabama,Health Education Specialists,440,14.6,0.223,0.56,22,45750,3.1,,,,,,,,,,,,,,,,,,,,,
Alabama,Probation Officers and Correctional Treatment Specialists,**,**,**,**,22.78,47370,1,,,,,,,,,,,,,,,,,,,,,
Alabama,Social and Human Service Assistants,1920,7.4,0.973,0.35,13.98,29080,1.9,,,,,,,,,,,,,,,,,,,,,
Alabama,Community Health Workers,510,14.3,0.257,0.64,18.97,39460,3.5,,,,,,,,,,,,,,,,,,,,,
Alabama,"Community and Social Service Specialists, All Other",210,20.3,0.109,0.16,14.19,29520,6.1,,,,,,,,,,,,,,,,,,,,,
Alabama,Clergy,520,9.8,0.261,0.72,23.09,48020,2.7,,,,,,,,,,,,,,,,,,,,,
Alabama,"Directors, Religious Activities and Education",60,23.2,0.031,0.21,41.92,87200,9.8,,,,,,,,,,,,,,,,,,,,,
Alabama,Legal Occupations,10960,2.9,5.552,0.71,40.72,84710,3,,,,,,,,,,,,,,,,,,,,,
Alabama,Lawyers,5900,4,2.99,0.67,54.92,114240,3.1,,,,,,,,,,,,,,,,,,,,,
Alabama,"Administrative Law Judges, Adjudicators, and Hearing Officers",100,7,0.049,0.5,61.68,128290,2.4,,,,,,,,,,,,,,,,,,,,,
Alabama,"Arbitrators, Mediators, and Conciliators",40,13.3,0.022,0.53,33.29,69250,5.9,,,,,,,,,,,,,,,,,,,,,
Alabama,"Judges, Magistrate Judges, and Magistrates",530,3.9,0.268,1.37,28.04,58330,1.5,,,,,,,,,,,,,,,,,,,,,
Alabama,Paralegals and Legal Assistants,3780,8.1,1.914,0.85,22.78,47380,2.8,,,,,,,,,,,,,,,,,,,,,
Alabama,"Title Examiners, Abstractors, and Searchers",380,19,0.19,0.53,20.57,42790,4.7,,,,,,,,,,,,,,,,,,,,,
Alabama,"Legal Support Workers, All Other",220,4,0.113,0.37,26.35,54810,2.1,,,,,,,,,,,,,,,,,,,,,
Alabama,Educational Instruction and Library Occupations,105240,1.5,53.31,0.88,24.22,50370,3.8,,,,,,,,,,,,,,,,,,,,,
Alabama,"Business Teachers, Postsecondary",860,4,0.437,0.77,*,106490,6.2,,,,,,,,,,,,,,,,,,,,,
Alabama,"Computer Science Teachers, Postsecondary",520,5.8,0.262,1.21,*,99760,6.8,,,,,,,,,,,,,,,,,,,,,
Alabama,"Mathematical Science Teachers, Postsecondary",810,5.9,0.41,1.18,*,69940,3.8,,,,,,,,,,,,,,,,,,,,,
Alabama,"Engineering Teachers, Postsecondary",590,7,0.298,1.21,*,113200,2.5,,,,,,,,,,,,,,,,,,,,,
Alabama,"Agricultural Sciences Teachers, Postsecondary",170,11.5,0.086,1.34,*,96090,3.2,,,,,,,,,,,,,,,,,,,,,
Alabama,"Biological Science Teachers, Postsecondary",1980,1.9,1.004,2.78,*,*,*,,,,,,,,,,,,,,,,,,,,,
Alabama,"Forestry and Conservation Science Teachers, Postsecondary",50,5.9,0.027,2.26,*,93500,4,,,,,,,,,,,,,,,,,,,,,
Alabama,"Atmospheric, Earth, Marine, and Space Sciences Teachers, Postsecondary",90,0,0.045,0.6,*,84490,3.9,,,,,,,,,,,,,,,,,,,,,
Alabama,"Chemistry Teachers, Postsecondary",350,2.9,0.176,1.21,*,81380,2,,,,,,,,,,,,,,,,,,,,,
Alabama,"Environmental Science Teachers, Postsecondary",40,36.8,0.019,0.47,*,82290,6.1,,,,,,,,,,,,,,,,,,,,,
Alabama,"Physics Teachers, Postsecondary",180,9.5,0.089,0.95,*,90780,2.5,,,,,,,,,,,,,,,,,,,,,
Alabama,"Anthropology and Archeology Teachers, Postsecondary",50,17.2,0.027,0.69,*,77910,4.1,,,,,,,,,,,,,,,,,,,,,
Alabama,"Area, Ethnic, and Cultural Studies Teachers, Postsecondary",70,4.6,0.036,0.5,*,115360,13.1,,,,,,,,,,,,,,,,,,,,,
Alabama,"Economics Teachers, Postsecondary",210,13.4,0.105,1.16,*,129360,6.8,,,,,,,,,,,,,,,,,,,,,
Alabama,"Geography Teachers, Postsecondary",30,0,0.017,0.64,*,84730,1.9,,,,,,,,,,,,,,,,,,,,,
Alabama,"Political Science Teachers, Postsecondary",150,6.1,0.077,0.72,*,78090,1.2,,,,,,,,,,,,,,,,,,,,,
Alabama,"Psychology Teachers, Postsecondary",480,7,0.241,0.95,*,78070,3,,,,,,,,,,,,,,,,,,,,,
Alabama,"Sociology Teachers, Postsecondary",150,3.1,0.077,0.82,*,62480,3.2,,,,,,,,,,,,,,,,,,,,,
Alabama,"Social Sciences Teachers, Postsecondary, All Other",50,19.5,0.023,0.2,*,87880,1.9,,,,,,,,,,,,,,,,,,,,,
Alabama,"Health Specialties Teachers, Postsecondary",1850,3.2,0.939,0.68,*,104740,4.9,,,,,,,,,,,,,,,,,,,,,
Alabama,"Nursing Instructors and Teachers, Postsecondary",1240,5.8,0.626,1.54,*,71020,5.1,,,,,,,,,,,,,,,,,,,,,
Alabama,"Education Teachers, Postsecondary",810,4.9,0.408,0.98,*,74580,2.7,,,,,,,,,,,,,,,,,,,,,
Alabama,"Library Science Teachers, Postsecondary",160,0.5,0.08,2.69,*,84870,6,,,,,,,,,,,,,,,,,,,,,
Alabama,"Criminal Justice and Law Enforcement Teachers, Postsecondary",120,6.8,0.061,0.63,*,69900,2.3,,,,,,,,,,,,,,,,,,,,,
Alabama,"Law Teachers, Postsecondary",70,0,0.038,0.34,*,151350,8,,,,,,,,,,,,,,,,,,,,,
Alabama,"Social Work Teachers, Postsecondary",200,11,0.104,1.12,*,67920,3.2,,,,,,,,,,,,,,,,,,,,,
Alabama,"Art, Drama, and Music Teachers, Postsecondary",840,5.2,0.424,0.66,*,67240,2.3,,,,,,,,,,,,,,,,,,,,,
Alabama,"Communications Teachers, Postsecondary",270,3.8,0.138,0.7,*,64140,2.3,,,,,,,,,,,,,,,,,,,,,
Alabama,"English Language and Literature Teachers, Postsecondary",1100,5.5,0.559,1.21,*,59230,1.4,,,,,,,,,,,,,,,,,,,,,
Alabama,"Foreign Language and Literature Teachers, Postsecondary",120,3.4,0.061,0.36,*,63310,3.1,,,,,,,,,,,,,,,,,,,,,
Alabama,"History Teachers, Postsecondary",370,5.8,0.188,1.32,*,68830,3.7,,,,,,,,,,,,,,,,,,,,,
Alabama,"Philosophy and Religion Teachers, Postsecondary",160,3.9,0.083,0.52,*,64990,3.5,,,,,,,,,,,,,,,,,,,,,
Alabama,"Family and Consumer Sciences Teachers, Postsecondary",150,0,0.075,5.12,*,74750,2.2,,,,,,,,,,,,,,,,,,,,,
Alabama,"Recreation and Fitness Studies Teachers, Postsecondary",290,8.1,0.148,1.37,*,66730,2.1,,,,,,,,,,,,,,,,,,,,,
Alabama,"Career/Technical Education Teachers, Postsecondary",1840,10.7,0.93,1.22,25.79,53650,2.4,,,,,,,,,,,,,,,,,,,,,
Alabama,"Postsecondary Teachers, All Other",1600,10.8,0.808,0.59,*,51230,12,,,,,,,,,,,,,,,,,,,,,
Alabama,"Preschool Teachers, Except Special Education",4050,13,2.051,0.7,11.76,24470,3.2,,,,,,,,,,,,,,,,,,,,,
Alabama,"Kindergarten Teachers, Except Special Education",**,**,**,**,*,46190,3.3,,,,,,,,,,,,,,,,,,,,,
Alabama,"Elementary School Teachers, Except Special Education",23650,7.4,11.98,1.23,*,50270,0.8,,,,,,,,,,,,,,,,,,,,,
Alabama,"Middle School Teachers, Except Special and Career/Technical Education",10310,13.7,5.224,1.23,*,51600,0.9,,,,,,,,,,,,,,,,,,,,,
Alabama,"Secondary School Teachers, Except Special and Career/Technical Education",15230,9.7,7.714,1.09,*,51950,1,,,,,,,,,,,,,,,,,,,,,
Alabama,"Career/Technical Education Teachers, Secondary School",**,**,**,**,*,63600,14.9,,,,,,,,,,,,,,,,,,,,,
Alabama,"Special Education Teachers, Preschool",150,29.2,0.076,0.5,*,46820,2.7,,,,,,,,,,,,,,,,,,,,,
Alabama,"Special Education Teachers, Kindergarten and Elementary School",900,13.8,0.458,0.35,*,50520,3.1,,,,,,,,,,,,,,,,,,,,,
Alabama,"Special Education Teachers, Middle School",410,21,0.206,0.35,*,53730,2.4,,,,,,,,,,,,,,,,,,,,,
Alabama,"Special Education Teachers, Secondary School",560,11.6,0.282,0.29,*,48250,6.1,,,,,,,,,,,,,,,,,,,,,
Alabama,"Special Education Teachers, All Other",50,11.9,0.027,0.11,*,59530,2,,,,,,,,,,,,,,,,,,,,,
Alabama,"Adult Basic Education, Adult Secondary Education, and English as a Second Language Instructors",520,16.4,0.266,0.75,18.71,38920,7.8,,,,,,,,,,,,,,,,,,,,,
Alabama,Self-Enrichment Teachers,1880,8.1,0.954,0.55,20.8,43270,3.9,,,,,,,,,,,,,,,,,,,,,
Alabama,"Substitute Teachers, Short-Term",7580,13.6,3.839,0.96,9.5,19760,6.4,,,,,,,,,,,,,,,,,,,,,
Alabama,"Tutors and Teachers and Instructors, All Other",3210,8.6,1.626,0.75,*,47630,4.5,,,,,,,,,,,,,,,,,,,,,
Alabama,Archivists,70,7.1,0.035,0.78,24.29,50530,4.1,,,,,,,,,,,,,,,,,,,,,
Alabama,Curators,110,8.2,0.055,0.63,27.8,57830,2.2,,,,,,,,,,,,,,,,,,,,,
Alabama,Museum Technicians and Conservators,100,13,0.052,0.58,20.67,43000,1.9,,,,,,,,,,,,,,,,,,,,,
Alabama,Librarians and Media Collections Specialists,2540,3.7,1.285,1.39,25.33,52690,1.4,,,,,,,,,,,,,,,,,,,,,
Alabama,Library Technicians,940,5.4,0.474,0.79,14.94,31070,2.6,,,,,,,,,,,,,,,,,,,,,
Alabama,Farm and Home Management Educators,420,21.3,0.211,3.55,27.72,57660,2.3,,,,,,,,,,,,,,,,,,,,,
Alabama,Instructional Coordinators,1870,9.6,0.948,0.79,33.31,69290,4.1,,,,,,,,,,,,,,,,,,,,,
Alabama,"Teaching Assistants, Postsecondary",340,8.1,0.172,0.18,*,30260,5.8,,,,,,,,,,,,,,,,,,,,,
Alabama,"Teaching Assistants, Except Postsecondary",9140,4.1,4.629,0.5,*,21800,3.3,,,,,,,,,,,,,,,,,,,,,
Alabama,"Educational Instruction and Library Workers, All Other",1820,9.5,0.922,1.05,19.9,41390,11,,,,,,,,,,,,,,,,,,,,,
Alabama,"Arts, Design, Entertainment, Sports, and Media Occupations",18240,3.7,9.24,0.67,22.8,47430,2.3,,,,,,,,,,,,,,,,,,,,,
Alabama,Art Directors,280,19.8,0.139,0.48,36.03,74940,3.3,,,,,,,,,,,,,,,,,,,,,
Alabama,Craft Artists,100,26.7,0.051,1.61,15.73,32720,3.6,,,,,,,,,,,,,,,,,,,,,
Alabama,"Fine Artists, Including Painters, Sculptors, and Illustrators",60,42,0.028,0.34,*,*,*,,,,,,,,,,,,,,,,,,,,,
Alabama,Special Effects Artists and Animators,130,11.3,0.066,0.33,29.98,62350,3.1,,,,,,,,,,,,,,,,,,,,,
Alabama,"Artists and Related Workers, All Other",40,17.5,0.021,0.41,31.7,65930,5.7,,,,,,,,,,,,,,,,,,,,,
Alabama,Commercial and Industrial Designers,170,13.8,0.084,0.38,33.11,68870,6.1,,,,,,,,,,,,,,,,,,,,,
Alabama,Floral Designers,590,21.1,0.298,1.05,12.11,25190,2.8,,,,,,,,,,,,,,,,,,,,,
Alabama,Graphic Designers,1680,7.1,0.853,0.58,22.11,45990,2.7,,,,,,,,,,,,,,,,,,,,,
Alabama,Interior Designers,410,15.5,0.206,0.5,29.89,62180,5.6,,,,,,,,,,,,,,,,,,,,,
Alabama,Merchandise Displayers and Window Trimmers,3310,14.3,1.675,1.75,15.1,31410,3.2,,,,,,,,,,,,,,,,,,,,,
Alabama,Set and Exhibit Designers,50,28.3,0.026,0.32,23.69,49270,6.5,,,,,,,,,,,,,,,,,,,,,
Alabama,"Designers, All Other",**,**,**,**,10.5,21830,15,,,,,,,,,,,,,,,,,,,,,
Alabama,Producers and Directors,880,15.6,0.448,0.51,29.11,60560,3.6,,,,,,,,,,,,,,,,,,,,,
Alabama,Coaches and Scouts,2810,9.1,1.423,0.87,*,46110,7,,,,,,,,,,,,,,,,,,,,,
Alabama,Music Directors and Composers,90,38.5,0.044,0.61,33.05,68740,11.8,,,,,,,,,,,,,,,,,,,,,
Alabama,Musicians and Singers,180,13.2,0.093,0.33,18.47,*,4.1,,,,,,,,,,,,,,,,,,,,,
Alabama,Broadcast Announcers and Radio Disc Jockeys,340,12.4,0.173,0.87,14.5,30160,5.4,,,,,,,,,,,,,,,,,,,,,
Alabama,"News Analysts, Reporters, and Journalists",840,17.9,0.424,1.41,32.12,66810,13.6,,,,,,,,,,,,,,,,,,,,,
Alabama,Public Relations Specialists,1920,5.7,0.973,0.58,27.39,56980,2,,,,,,,,,,,,,,,,,,,,,
Alabama,Editors,670,13.5,0.338,0.52,35.1,73010,9.4,,,,,,,,,,,,,,,,,,,,,
Alabama,Technical Writers,580,7.6,0.293,0.85,33.72,70140,1.4,,,,,,,,,,,,,,,,,,,,,
Alabama,Writers and Authors,170,17.2,0.086,0.27,32.21,66990,7,,,,,,,,,,,,,,,,,,,,,
Alabama,Interpreters and Translators,230,16.9,0.118,0.3,20.89,43450,3.7,,,,,,,,,,,,,,,,,,,,,
Alabama,Court Reporters and Simultaneous Captioners,340,12.4,0.172,1.74,19.77,41110,2.4,,,,,,,,,,,,,,,,,,,,,
Alabama,"Media and Communication Workers, All Other",40,22.1,0.019,0.11,14.45,30050,8.5,,,,,,,,,,,,,,,,,,,,,
Alabama,Audio and Video Technicians,690,9.8,0.351,0.7,17.47,36340,4.5,,,,,,,,,,,,,,,,,,,,,
Alabama,Broadcast Technicians,420,16.4,0.211,1.08,16.03,33350,5.1,,,,,,,,,,,,,,,,,,,,,
Alabama,Sound Engineering Technicians,70,20.5,0.035,0.39,23.16,48180,7.8,,,,,,,,,,,,,,,,,,,,,
Alabama,Photographers,420,13.5,0.211,0.61,18.79,39080,3.1,,,,,,,,,,,,,,,,,,,,,
Alabama,"Camera Operators, Television, Video, and Film",130,21.5,0.068,0.46,21.63,44990,8.1,,,,,,,,,,,,,,,,,,,,,
Alabama,Film and Video Editors,60,14.2,0.03,0.16,29.45,61250,10.4,,,,,,,,,,,,,,,,,,,,,
Alabama,"Lighting Technicians and Media and Communication Equipment Workers, All Other",60,14.6,0.031,0.19,29.97,62330,7.3,,,,,,,,,,,,,,,,,,,,,
Alabama,Healthcare Practitioners and Technical Occupations,129690,1.1,65.691,1.11,32.71,68030,1.1,,,,,,,,,,,,,,,,,,,,,
Alabama,Chiropractors,310,11.2,0.155,0.65,42.92,89280,10.4,,,,,,,,,,,,,,,,,,,,,
Alabama,"Dentists, General",1170,9.7,0.59,0.78,75.5,157040,6.1,,,,,,,,,,,,,,,,,,,,,
Alabama,Dietitians and Nutritionists,750,5.8,0.378,0.82,26.95,56050,1.2,,,,,,,,,,,,,,,,,,,,,
Alabama,Optometrists,460,12.4,0.234,0.87,55.48,115400,7.5,,,,,,,,,,,,,,,,,,,,,
Alabama,Pharmacists,4700,6.7,2.379,1.12,61.28,127460,2,,,,,,,,,,,,,,,,,,,,,
Alabama,Physician Assistants,730,9.7,0.367,0.45,43.31,90080,4.8,,,,,,,,,,,,,,,,,,,,,
Alabama,Podiatrists,100,16,0.053,0.79,68.84,143180,13.5,,,,,,,,,,,,,,,,,,,,,
Alabama,Occupational Therapists,1310,8.9,0.664,0.73,41.23,85760,1.3,,,,,,,,,,,,,,,,,,,,,
Alabama,Physical Therapists,2770,5.1,1.405,0.88,44.51,92570,1.2,,,,,,,,,,,,,,,,,,,,,
Alabama,Radiation Therapists,490,32.2,0.246,2.02,42.25,87880,7.9,,,,,,,,,,,,,,,,,,,,,
Alabama,Recreational Therapists,140,5.7,0.072,0.55,21.11,43900,2.4,,,,,,,,,,,,,,,,,,,,,
Alabama,Respiratory Therapists,2240,3.2,1.137,1.26,25.06,52110,0.8,,,,,,,,,,,,,,,,,,,,,
Alabama,Speech-Language Pathologists,1700,5.9,0.86,0.82,32.81,68230,1.5,,,,,,,,,,,,,,,,,,,,,
Alabama,Exercise Physiologists,80,27.2,0.04,0.8,22.46,46720,2.5,,,,,,,,,,,,,,,,,,,,,
Alabama,"Therapists, All Other",80,33.9,0.041,0.5,22.51,46820,7.3,,,,,,,,,,,,,,,,,,,,,
Alabama,Veterinarians,980,8.7,0.495,0.97,47.5,98790,7.2,,,,,,,,,,,,,,,,,,,,,
Alabama,Registered Nurses,49190,1.5,24.919,1.23,28.96,60230,0.7,,,,,,,,,,,,,,,,,,,,,
Alabama,Nurse Anesthetists,1200,12.5,0.608,2.05,75.69,157430,3.9,,,,,,,,,,,,,,,,,,,,,
Alabama,Nurse Practitioners,3800,4.3,1.924,1.41,47.87,99570,1.4,,,,,,,,,,,,,,,,,,,,,
Alabama,Audiologists,110,23.9,0.057,0.61,34.98,72760,5.8,,,,,,,,,,,,,,,,,,,,,
Alabama,Anesthesiologists,270,32.9,0.137,0.65,131.86,274260,11.3,,,,,,,,,,,,,,,,,,,,,
Alabama,Family Medicine Physicians,730,14.9,0.368,0.49,113.49,236060,6.2,,,,,,,,,,,,,,,,,,,,,
Alabama,General Internal Medicine Physicians,220,22.4,0.11,0.36,102.78,213790,10.2,,,,,,,,,,,,,,,,,,,,,
Alabama,Obstetricians and Gynecologists,150,33.7,0.073,0.58,#,#,10.3,,,,,,,,,,,,,,,,,,,,,
Alabama,"Pediatricians, General",490,29.3,0.248,1.22,102.99,214220,16.3,,,,,,,,,,,,,,,,,,,,,
Alabama,Psychiatrists,230,45.2,0.118,0.68,80.93,168340,4.2,,,,,,,,,,,,,,,,,,,,,
Alabama,"Physicians, All Other; and Ophthalmologists, Except Pediatric",4650,4.1,2.357,0.89,94.54,196650,8,,,,,,,,,,,,,,,,,,,,,
Alabama,"Surgeons, Except Ophthalmologists",560,17.4,0.283,1.14,124.09,258110,6.9,,,,,,,,,,,,,,,,,,,,,
Alabama,Dental Hygienists,3790,6.9,1.921,1.27,23.12,48090,2.3,,,,,,,,,,,,,,,,,,,,,
Alabama,"Acupuncturists and Healthcare Diagnosing or Treating Practitioners, All Other",130,3.1,0.067,0.27,39.47,82100,2.6,,,,,,,,,,,,,,,,,,,,,
Alabama,Clinical Laboratory Technologists and Technicians,4870,3.6,2.467,1.11,22.31,46400,1.2,,,,,,,,,,,,,,,,,,,,,
Alabama,Cardiovascular Technologists and Technicians,**,**,**,**,23.81,49520,2,,,,,,,,,,,,,,,,,,,,,
Alabama,Diagnostic Medical Sonographers,1110,5.1,0.565,1.14,27.15,56480,1.2,,,,,,,,,,,,,,,,,,,,,
Alabama,Nuclear Medicine Technologists,390,5.6,0.198,1.61,30.33,63090,1.3,,,,,,,,,,,,,,,,,,,,,
Alabama,Radiologic Technologists and Technicians,3570,4.2,1.809,1.28,22.73,47290,0.9,,,,,,,,,,,,,,,,,,,,,
Alabama,Magnetic Resonance Imaging Technologists,650,11,0.329,1.27,28.76,59820,1.4,,,,,,,,,,,,,,,,,,,,,
Alabama,Emergency Medical Technicians and Paramedics,3660,8.3,1.856,1.05,14.54,30240,2.3,,,,,,,,,,,,,,,,,,,,,
Alabama,Dietetic Technicians,160,6.1,0.08,0.4,16.06,33400,1.1,,,,,,,,,,,,,,,,,,,,,
Alabama,Pharmacy Technicians,6790,4.3,3.438,1.21,14.82,30830,1.1,,,,,,,,,,,,,,,,,,,,,
Alabama,Psychiatric Technicians,1300,6.1,0.656,1.23,12.87,26760,2.2,,,,,,,,,,,,,,,,,,,,,
Alabama,Surgical Technologists,1890,3.6,0.96,1.29,18.31,38090,1.6,,,,,,,,,,,,,,,,,,,,,
Alabama,Veterinary Technologists and Technicians,1060,9.1,0.536,0.71,15.28,31780,2.9,,,,,,,,,,,,,,,,,,,,,
Alabama,Ophthalmic Medical Technicians,830,17.8,0.419,1.05,17.04,35440,2.5,,,,,,,,,,,,,,,,,,,,,
Alabama,Licensed Practical and Licensed Vocational Nurses,12400,2.5,6.281,1.32,18.9,39310,0.8,,,,,,,,,,,,,,,,,,,,,
Alabama,"Opticians, Dispensing",1050,20.1,0.531,1.08,15.41,32040,4.5,,,,,,,,,,,,,,,,,,,,,
Alabama,Orthotists and Prosthetists,150,23.8,0.075,1.13,28.53,59340,5.8,,,,,,,,,,,,,,,,,,,,,
Alabama,Hearing Aid Specialists,100,36.3,0.053,0.94,26.27,54630,3.6,,,,,,,,,,,,,,,,,,,,,
Alabama,"Medical Dosimetrists, Medical Records Specialists, and Health Technologists and Technicians, All Other",4160,4.9,2.107,0.93,18.93,39370,2,,,,,,,,,,,,,,,,,,,,,
Alabama,Athletic Trainers,550,12.5,0.278,1.43,*,43520,3.6,,,,,,,,,,,,,,,,,,,,,
Alabama,"Health Information Technologists, Medical Registrars, Surgical Assistants, and Healthcare Practitioners and Technical Workers, All Other",530,8,0.268,0.72,20.26,42150,3.8,,,,,,,,,,,,,,,,,,,,,
Alabama,Healthcare Support Occupations,68060,1.6,34.477,0.78,12.55,26110,0.7,,,,,,,,,,,,,,,,,,,,,
Alabama,Home Health and Personal Care Aides,19440,4.4,9.848,0.46,9.6,19960,0.7,,,,,,,,,,,,,,,,,,,,,
Alabama,Nursing Assistants,22750,2.3,11.526,1.19,11.82,24590,0.7,,,,,,,,,,,,,,,,,,,,,
Alabama,Orderlies,930,17.3,0.47,1.47,11.51,23940,2,,,,,,,,,,,,,,,,,,,,,
Alabama,Psychiatric Aides,1640,3.4,0.832,2.22,12.58,26170,1.7,,,,,,,,,,,,,,,,,,,,,
Alabama,Occupational Therapy Assistants,520,14.9,0.264,0.86,29.69,61760,1.8,,,,,,,,,,,,,,,,,,,,,
Alabama,Physical Therapist Assistants,1790,5.9,0.908,1.38,27.75,57730,1.5,,,,,,,,,,,,,,,,,,,,,
Alabama,Physical Therapist Aides,970,7.6,0.489,1.46,13.11,27270,3,,,,,,,,,,,,,,,,,,,,,
Alabama,Massage Therapists,430,21.5,0.217,0.3,17.14,35650,4.9,,,,,,,,,,,,,,,,,,,,,
Alabama,Dental Assistants,3140,8,1.588,0.66,16.05,33390,1.9,,,,,,,,,,,,,,,,,,,,,
Alabama,Medical Assistants,9580,3.9,4.852,1,14.05,29220,1.1,,,,,,,,,,,,,,,,,,,,,
Alabama,Medical Equipment Preparers,1200,8.6,0.605,1.56,14.34,29820,1.1,,,,,,,,,,,,,,,,,,,,,
Alabama,Medical Transcriptionists,720,17.8,0.363,0.96,15.66,32560,3.2,,,,,,,,,,,,,,,,,,,,,
Alabama,Pharmacy Aides,520,43.3,0.265,1.04,11.99,24950,10.3,,,,,,,,,,,,,,,,,,,,,
Alabama,Veterinary Assistants and Laboratory Animal Caretakers,1450,14.5,0.733,1.11,11.47,23860,1.9,,,,,,,,,,,,,,,,,,,,,
Alabama,Phlebotomists,2010,7.1,1.019,1.17,14.97,31140,1.3,,,,,,,,,,,,,,,,,,,,,
Alabama,"Healthcare Support Workers, All Other",960,8.9,0.486,0.77,16.25,33800,2.2,,,,,,,,,,,,,,,,,,,,,
Alabama,Protective Service Occupations,44660,2.3,22.622,0.95,19.05,39620,1.9,,,,,,,,,,,,,,,,,,,,,
Alabama,First-Line Supervisors of Correctional Officers,410,0.4,0.206,0.65,29.07,60460,0.9,,,,,,,,,,,,,,,,,,,,,
Alabama,First-Line Supervisors of Police and Detectives,1090,3.2,0.552,0.67,34.54,71850,1,,,,,,,,,,,,,,,,,,,,,
Alabama,First-Line Supervisors of Firefighting and Prevention Workers,980,3.8,0.494,1.04,31.6,65720,1.8,,,,,,,,,,,,,,,,,,,,,
Alabama,"Miscellaneous First-Line Supervisors, Protective Service Workers",700,8.9,0.356,0.63,23.39,48640,2.7,,,,,,,,,,,,,,,,,,,,,
Alabama,Firefighters,6070,4.4,3.077,1.39,20.13,41870,2.1,,,,,,,,,,,,,,,,,,,,,
Alabama,Fire Inspectors and Investigators,130,17.5,0.064,0.68,32.6,67800,4,,,,,,,,,,,,,,,,,,,,,
Alabama,Forest Fire Inspectors and Prevention Specialists,40,0,0.019,1.31,17.72,36860,1.2,,,,,,,,,,,,,,,,,,,,,
Alabama,Bailiffs,100,5,0.053,0.4,16.81,34950,1.9,,,,,,,,,,,,,,,,,,,,,
Alabama,Correctional Officers and Jailers,4590,0.6,2.326,0.81,18.67,38840,0.8,,,,,,,,,,,,,,,,,,,,,
Alabama,Detectives and Criminal Investigators,1170,4.8,0.591,0.82,31.65,65830,0.9,,,,,,,,,,,,,,,,,,,,,
Alabama,Fish and Game Wardens,140,0,0.07,1.52,26.95,56060,0.8,,,,,,,,,,,,,,,,,,,,,
Alabama,Parking Enforcement Workers,40,2.6,0.022,0.42,16.96,35270,2.7,,,,,,,,,,,,,,,,,,,,,
Alabama,Police and Sheriff's Patrol Officers,11410,2.4,5.782,1.28,22.36,46510,1,,,,,,,,,,,,,,,,,,,,,
Alabama,Animal Control Workers,210,4.3,0.106,1.3,15.89,33050,0.9,,,,,,,,,,,,,,,,,,,,,
Alabama,Private Detectives and Investigators,240,27.6,0.123,0.51,27.47,57140,6.2,,,,,,,,,,,,,,,,,,,,,
Alabama,Gambling Surveillance Officers and Gambling Investigators,70,13,0.033,0.47,18.89,39290,2.8,,,,,,,,,,,,,,,,,,,,,
Alabama,Security Guards,14220,5.8,7.205,0.94,13.58,28260,2.3,,,,,,,,,,,,,,,,,,,,,
Alabama,Crossing Guards and Flaggers,470,5.5,0.236,0.41,11.11,23110,2.1,,,,,,,,,,,,,,,,,,,,,
Alabama,"Lifeguards, Ski Patrol, and Other Recreational Protective Service Workers",1110,7.5,0.562,0.57,9.51,19780,1.6,,,,,,,,,,,,,,,,,,,,,
Alabama,Transportation Security Screeners,230,0,0.117,0.37,19.45,40460,1.7,,,,,,,,,,,,,,,,,,,,,
Alabama,"School Bus Monitors and Protective Service Workers, All Other",1230,9.3,0.622,0.62,14.4,29960,3.4,,,,,,,,,,,,,,,,,,,,,
Alabama,Food Preparation and Serving Related Occupations,186900,0.9,94.672,1.03,10.4,21620,0.6,,,,,,,,,,,,,,,,,,,,,
Alabama,Chefs and Head Cooks,990,11.4,0.501,0.57,23.66,49210,3.2,,,,,,,,,,,,,,,,,,,,,
Alabama,First-Line Supervisors of Food Preparation and Serving Workers,19420,2.7,9.839,1.43,15.45,32140,1.5,,,,,,,,,,,,,,,,,,,,,
Alabama,"Cooks, Fast Food",8810,13.8,4.464,1.24,8.96,18640,1.8,,,,,,,,,,,,,,,,,,,,,
Alabama,"Cooks, Institution and Cafeteria",10020,5,5.073,1.85,10.81,22480,3.5,,,,,,,,,,,,,,,,,,,,,
Alabama,"Cooks, Restaurant",15720,6.1,7.963,0.83,11.71,24360,1.2,,,,,,,,,,,,,,,,,,,,,
Alabama,"Cooks, Short Order",2940,19.4,1.491,1.43,10.54,21920,2.6,,,,,,,,,,,,,,,,,,,,,
Alabama,"Cooks, All Other",**,**,**,**,17.33,36050,4.3,,,,,,,,,,,,,,,,,,,,,
Alabama,Food Preparation Workers,13500,9.2,6.838,1.16,9.94,20670,1.4,,,,,,,,,,,,,,,,,,,,,
Alabama,Bartenders,4820,6.2,2.442,0.55,10.27,21360,2.1,,,,,,,,,,,,,,,,,,,,,
Alabama,Fast Food and Counter Workers,62620,3.9,31.719,1.17,9.17,19070,0.7,,,,,,,,,,,,,,,,,,,,,
Alabama,Waiters and Waitresses,33650,3.5,17.046,0.97,9.41,19560,1.3,,,,,,,,,,,,,,,,,,,,,
Alabama,"Food Servers, Nonrestaurant",2680,9.9,1.358,0.72,10.47,21780,2.3,,,,,,,,,,,,,,,,,,,,,
Alabama,Dining Room and Cafeteria Attendants and Bartender Helpers,3020,11.5,1.532,0.47,9.73,20230,1.8,,,,,,,,,,,,,,,,,,,,,
Alabama,Dishwashers,4100,7.5,2.074,0.59,9.86,20510,1.1,,,,,,,,,,,,,,,,,,,,,
Alabama,"Hosts and Hostesses, Restaurant, Lounge, and Coffee Shop",3980,6.7,2.018,0.7,9.47,19710,1.3,,,,,,,,,,,,,,,,,,,,,
Alabama,"Food Preparation and Serving Related Workers, All Other",530,45.6,0.268,0.54,10.32,21470,6.6,,,,,,,,,,,,,,,,,,,,,
Alabama,Building and Grounds Cleaning and Maintenance Occupations,55720,2.1,28.227,0.94,12.64,26290,0.9,,,,,,,,,,,,,,,,,,,,,
Alabama,First-Line Supervisors of Housekeeping and Janitorial Workers,1810,5.8,0.918,0.87,18.76,39030,2,,,,,,,,,,,,,,,,,,,,,
Alabama,"First-Line Supervisors of Landscaping, Lawn Service, and Groundskeeping Workers",1690,11.5,0.857,1.22,21.62,44970,2.7,,,,,,,,,,,,,,,,,,,,,
Alabama,"Janitors and Cleaners, Except Maids and Housekeeping Cleaners",26190,5,13.265,0.91,11.72,24380,1.1,,,,,,,,,,,,,,,,,,,,,
Alabama,Maids and Housekeeping Cleaners,11220,10,5.683,0.9,10.21,21240,1.6,,,,,,,,,,,,,,,,,,,,,
Alabama,Pest Control Workers,2310,6.8,1.172,2.17,16.83,35010,2.9,,,,,,,,,,,,,,,,,,,,,
Alabama,Landscaping and Groundskeeping Workers,11540,4.5,5.846,0.94,13.23,27520,1.4,,,,,,,,,,,,,,,,,,,,,
Alabama,"Pesticide Handlers, Sprayers, and Applicators, Vegetation",300,38,0.151,0.86,16.74,34820,2,,,,,,,,,,,,,,,,,,,,,
Alabama,Tree Trimmers and Pruners,320,21.5,0.164,0.51,20.14,41890,4,,,,,,,,,,,,,,,,,,,,,
Alabama,Personal Care and Service Occupations,34260,2.7,17.356,0.77,12.41,25810,1.1,,,,,,,,,,,,,,,,,,,,,
Alabama,First-Line Supervisors of Gambling Services Workers,210,3.7,0.107,0.54,16.87,35080,3.1,,,,,,,,,,,,,,,,,,,,,
Alabama,"First-Line Supervisors of Personal Service and Entertainment and Recreation Workers, Except Gambling Services",2350,6.9,1.19,0.8,18.22,37890,2.1,,,,,,,,,,,,,,,,,,,,,
Alabama,Animal Trainers,100,27.1,0.048,0.43,14.56,30280,5,,,,,,,,,,,,,,,,,,,,,
Alabama,Animal Caretakers,2990,11,1.512,1.05,10.32,21470,2.1,,,,,,,,,,,,,,,,,,,,,
Alabama,Gambling and Sports Book Writers and Runners,160,17,0.083,1.23,11.35,23610,3.8,,,,,,,,,,,,,,,,,,,,,
Alabama,Motion Picture Projectionists,**,**,**,**,9.7,20170,4,,,,,,,,,,,,,,,,,,,,,
Alabama,"Ushers, Lobby Attendants, and Ticket Takers",480,12.3,0.241,0.26,9.38,19520,2.6,,,,,,,,,,,,,,,,,,,,,
Alabama,Amusement and Recreation Attendants,3110,8.4,1.576,0.68,10.03,20860,2.4,,,,,,,,,,,,,,,,,,,,,
Alabama,Costume Attendants,40,35.1,0.019,0.38,17.36,36120,4.5,,,,,,,,,,,,,,,,,,,,,
Alabama,"Locker Room, Coatroom, and Dressing Room Attendants",70,1.6,0.038,0.35,11.78,24500,2.3,,,,,,,,,,,,,,,,,,,,,
Alabama,Embalmers,160,20.1,0.081,3.07,20.57,42780,8.7,,,,,,,,,,,,,,,,,,,,,
Alabama,Funeral Attendants,580,13,0.294,1.26,13,27030,3.3,,,,,,,,,,,,,,,,,,,,,
Alabama,"Morticians, Undertakers, and Funeral Arrangers",440,17.7,0.221,1.28,21.1,43890,4.9,,,,,,,,,,,,,,,,,,,,,
Alabama,Barbers,210,37.7,0.108,0.79,18.88,39280,17.2,,,,,,,,,,,,,,,,,,,,,
Alabama,"Hairdressers, Hairstylists, and Cosmetologists",4530,8.3,2.294,0.87,11.72,24380,3.1,,,,,,,,,,,,,,,,,,,,,
Alabama,Manicurists and Pedicurists,410,30.5,0.206,0.27,11.28,23460,6.7,,,,,,,,,,,,,,,,,,,,,
Alabama,Shampooers,80,43.8,0.041,0.5,10.75,22350,4.7,,,,,,,,,,,,,,,,,,,,,
Alabama,Skincare Specialists,410,20.6,0.206,0.53,16.31,33930,4,,,,,,,,,,,,,,,,,,,,,
Alabama,Baggage Porters and Bellhops,250,19.1,0.126,0.46,9.83,20450,2.4,,,,,,,,,,,,,,,,,,,,,
Alabama,Concierges,150,8.7,0.076,0.27,12.29,25560,3.1,,,,,,,,,,,,,,,,,,,,,
Alabama,Tour and Travel Guides,430,12.5,0.217,0.65,12.61,26230,3.6,,,,,,,,,,,,,,,,,,,,,
Alabama,Childcare Workers,6140,7.1,3.108,0.81,9.99,20770,2.2,,,,,,,,,,,,,,,,,,,,,
Alabama,Exercise Trainers and Group Fitness Instructors,3030,7.9,1.534,0.69,17.2,35780,2.8,,,,,,,,,,,,,,,,,,,,,
Alabama,Recreation Workers,5010,5.9,2.54,1.04,11.76,24460,1.8,,,,,,,,,,,,,,,,,,,,,
Alabama,Residential Advisors,2840,9.2,1.439,1.96,12.26,25490,1.7,,,,,,,,,,,,,,,,,,,,,
Alabama,"Crematory Operators and Personal Care and Service Workers, All Other",40,42.3,0.018,0.04,15.89,33050,4.8,,,,,,,,,,,,,,,,,,,,,
Alabama,Sales and Related Occupations,208730,1.4,105.731,1.08,17.23,35830,0.9,,,,,,,,,,,,,,,,,,,,,
Alabama,First-Line Supervisors of Retail Sales Workers,21830,3.2,11.059,1.39,20.27,42160,1.4,,,,,,,,,,,,,,,,,,,,,
Alabama,First-Line Supervisors of Non-Retail Sales Workers,2760,5.7,1.396,0.82,35.83,74530,2.8,,,,,,,,,,,,,,,,,,,,,
Alabama,Cashiers,61180,3.8,30.988,1.27,10.25,21320,0.7,,,,,,,,,,,,,,,,,,,,,
Alabama,Counter and Rental Clerks,6040,6.2,3.059,1.09,12.97,26970,1.9,,,,,,,,,,,,,,,,,,,,,
Alabama,Parts Salespersons,3750,6.7,1.897,1.09,16.05,33380,2.2,,,,,,,,,,,,,,,,,,,,,
Alabama,Retail Salespersons,64130,4,32.482,1.1,12.78,26590,1.2,,,,,,,,,,,,,,,,,,,,,
Alabama,Advertising Sales Agents,1370,13.3,0.693,0.78,23.09,48020,3.8,,,,,,,,,,,,,,,,,,,,,
Alabama,Insurance Sales Agents,5630,5.7,2.853,1.02,36.57,76070,4.9,,,,,,,,,,,,,,,,,,,,,
Alabama,"Securities, Commodities, and Financial Services Sales Agents",2640,9.9,1.339,0.45,35.22,73250,7.7,,,,,,,,,,,,,,,,,,,,,
Alabama,Travel Agents,400,16,0.202,0.44,20.78,43220,5.1,,,,,,,,,,,,,,,,,,,,,
Alabama,"Sales Representatives of Services, Except Advertising, Insurance, Financial Services, and Travel",8090,5.7,4.097,0.58,27.22,56620,2.8,,,,,,,,,,,,,,,,,,,,,
Alabama,"Sales Representatives, Wholesale and Manufacturing, Technical and Scientific Products",2460,11,1.246,0.6,38.96,81030,3.7,,,,,,,,,,,,,,,,,,,,,
Alabama,"Sales Representatives, Wholesale and Manufacturing, Except Technical and Scientific Products",22050,2.7,11.169,1.22,31.49,65490,1.5,,,,,,,,,,,,,,,,,,,,,
Alabama,Demonstrators and Product Promoters,**,**,**,**,13.96,29040,3.5,,,,,,,,,,,,,,,,,,,,,
Alabama,Real Estate Brokers,240,36,0.12,0.41,24.43,50810,5,,,,,,,,,,,,,,,,,,,,,
Alabama,Real Estate Sales Agents,1810,23,0.916,0.83,25.63,53300,6.4,,,,,,,,,,,,,,,,,,,,,
Alabama,Sales Engineers,300,24.8,0.15,0.35,44.66,92890,5.9,,,,,,,,,,,,,,,,,,,,,
Alabama,Telemarketers,1810,21.7,0.917,1,13.4,27870,5.8,,,,,,,,,,,,,,,,,,,,,
Alabama,"Door-to-Door Sales Workers, News and Street Vendors, and Related Workers",50,46.3,0.026,0.42,10.59,22030,4,,,,,,,,,,,,,,,,,,,,,
Alabama,Office and Administrative Support Occupations,253500,0.9,128.407,0.97,17.38,36160,0.4,,,,,,,,,,,,,,,,,,,,,
Alabama,First-Line Supervisors of Office and Administrative Support Workers,20920,1.8,10.595,1.05,26.17,54440,0.6,,,,,,,,,,,,,,,,,,,,,
Alabama,"Switchboard Operators, Including Answering Service",1030,6.3,0.523,1.13,12.05,25070,1.3,,,,,,,,,,,,,,,,,,,,,
Alabama,Bill and Account Collectors,2630,8.8,1.333,0.83,16.75,34840,2.4,,,,,,,,,,,,,,,,,,,,,
Alabama,Billing and Posting Clerks,4690,4.6,2.373,0.75,17,35370,1.2,,,,,,,,,,,,,,,,,,,,,
Alabama,"Bookkeeping, Accounting, and Auditing Clerks",19950,2.2,10.106,0.98,18.1,37640,0.7,,,,,,,,,,,,,,,,,,,,,
Alabama,Payroll and Timekeeping Clerks,1690,7.9,0.856,0.88,19.14,39800,2.1,,,,,,,,,,,,,,,,,,,,,
Alabama,Procurement Clerks,510,5.5,0.258,0.57,20.85,43370,2,,,,,,,,,,,,,,,,,,,,,
Alabama,Tellers,8630,2.9,4.371,1.45,14.08,29290,1,,,,,,,,,,,,,,,,,,,,,
Alabama,"Financial Clerks, All Other",190,11.3,0.096,0.46,19.04,39600,3.9,,,,,,,,,,,,,,,,,,,,,
Alabama,Brokerage Clerks,440,14,0.223,0.68,24.95,51900,2.7,,,,,,,,,,,,,,,,,,,,,
Alabama,Correspondence Clerks,50,15.2,0.024,0.56,13.46,27990,9.6,,,,,,,,,,,,,,,,,,,,,
Alabama,"Court, Municipal, and License Clerks",2180,2.3,1.104,1.05,15.93,33140,0.7,,,,,,,,,,,,,,,,,,,,,
Alabama,"Credit Authorizers, Checkers, and Clerks",560,24.5,0.283,1.56,18.16,37760,2,,,,,,,,,,,,,,,,,,,,,
Alabama,Customer Service Representatives,34820,3.5,17.639,0.89,16.49,34300,1.1,,,,,,,,,,,,,,,,,,,,,
Alabama,"Eligibility Interviewers, Government Programs",2980,4.3,1.507,1.58,20.47,42570,1.1,,,,,,,,,,,,,,,,,,,,,
Alabama,File Clerks,630,13.2,0.318,0.46,14.63,30440,4.3,,,,,,,,,,,,,,,,,,,,,
Alabama,"Hotel, Motel, and Resort Desk Clerks",4750,5.3,2.406,1.32,9.88,20540,1.4,,,,,,,,,,,,,,,,,,,,,
Alabama,"Interviewers, Except Eligibility and Loan",3460,3.1,1.752,1.36,15.08,31370,1,,,,,,,,,,,,,,,,,,,,,
Alabama,"Library Assistants, Clerical",970,11.8,0.494,0.84,11.71,24360,2.8,,,,,,,,,,,,,,,,,,,,,
Alabama,Loan Interviewers and Clerks,2450,9,1.241,0.87,16.8,34940,1.9,,,,,,,,,,,,,,,,,,,,,
Alabama,New Accounts Clerks,410,18,0.209,0.71,16.54,34400,3.1,,,,,,,,,,,,,,,,,,,,,
Alabama,Order Clerks,640,9.8,0.324,0.35,14.44,30040,2,,,,,,,,,,,,,,,,,,,,,
Alabama,"Human Resources Assistants, Except Payroll and Timekeeping",1160,3.3,0.589,0.74,18.85,39220,1.7,,,,,,,,,,,,,,,,,,,,,
Alabama,Receptionists and Information Clerks,14100,3.1,7.143,0.99,12.87,26780,0.9,,,,,,,,,,,,,,,,,,,,,
Alabama,Reservation and Transportation Ticket Agents and Travel Clerks,420,31.7,0.211,0.25,22.68,47170,4.6,,,,,,,,,,,,,,,,,,,,,
Alabama,"Information and Record Clerks, All Other",1060,1.9,0.538,0.51,20.96,43600,1.3,,,,,,,,,,,,,,,,,,,,,
Alabama,Cargo and Freight Agents,910,13.2,0.461,0.71,21.31,44330,2.6,,,,,,,,,,,,,,,,,,,,,
Alabama,Couriers and Messengers,1090,13,0.551,1.08,11.92,24800,3.5,,,,,,,,,,,,,,,,,,,,,
Alabama,Public Safety Telecommunicators,2550,8.8,1.29,1.99,15.74,32740,1.2,,,,,,,,,,,,,,,,,,,,,
Alabama,"Dispatchers, Except Police, Fire, and Ambulance",2710,12.9,1.371,1.01,18.22,37900,4.8,,,,,,,,,,,,,,,,,,,,,
Alabama,"Meter Readers, Utilities",600,15.6,0.306,1.48,18.22,37900,5.7,,,,,,,,,,,,,,,,,,,,,
Alabama,Postal Service Clerks,1290,0,0.652,1.18,24,49910,0.6,,,,,,,,,,,,,,,,,,,,,
Alabama,Postal Service Mail Carriers,5650,0,2.864,1.24,24.7,51370,0.8,,,,,,,,,,,,,,,,,,,,,
Alabama,"Postal Service Mail Sorters, Processors, and Processing Machine Operators",970,0,0.49,0.7,24.56,51080,1.8,,,,,,,,,,,,,,,,,,,,,
Alabama,"Production, Planning, and Expediting Clerks",3340,5.7,1.692,0.67,21.9,45540,2.4,,,,,,,,,,,,,,,,,,,,,
Alabama,"Shipping, Receiving, and Inventory Clerks",7340,3.8,3.716,0.77,16.38,34080,1,,,,,,,,,,,,,,,,,,,,,
Alabama,"Weighers, Measurers, Checkers, and Samplers, Recordkeeping",1190,10.7,0.605,1.46,15.6,32450,4,,,,,,,,,,,,,,,,,,,,,
Alabama,Executive Secretaries and Executive Administrative Assistants,3310,4.8,1.678,0.45,29.09,60520,0.8,,,,,,,,,,,,,,,,,,,,,
Alabama,Legal Secretaries and Administrative Assistants,3040,7.6,1.539,1.34,21.01,43710,2.7,,,,,,,,,,,,,,,,,,,,,
Alabama,Medical Secretaries and Administrative Assistants,6720,4.5,3.405,0.83,16.93,35210,1.3,,,,,,,,,,,,,,,,,,,,,
Alabama,"Secretaries and Administrative Assistants, Except Legal, Medical, and Executive",47030,1.6,23.823,1.72,17.4,36190,0.5,,,,,,,,,,,,,,,,,,,,,
Alabama,Data Entry Keyers,1670,15.1,0.844,0.78,15.1,31420,1.6,,,,,,,,,,,,,,,,,,,,,
Alabama,Word Processors and Typists,270,37.8,0.138,0.43,18.01,37450,2.1,,,,,,,,,,,,,,,,,,,,,
Alabama,Desktop Publishers,70,18.7,0.037,0.62,19.69,40960,9.3,,,,,,,,,,,,,,,,,,,,,
Alabama,Insurance Claims and Policy Processing Clerks,2670,9.1,1.351,0.77,18.04,37530,2.3,,,,,,,,,,,,,,,,,,,,,
Alabama,"Mail Clerks and Mail Machine Operators, Except Postal Service",900,28.1,0.457,0.8,14.9,31000,3.2,,,,,,,,,,,,,,,,,,,,,
Alabama,"Office Clerks, General",26950,2.1,13.652,0.68,12.28,25540,0.6,,,,,,,,,,,,,,,,,,,,,
Alabama,"Office Machine Operators, Except Computer",290,22.9,0.148,0.47,14.45,30060,5,,,,,,,,,,,,,,,,,,,,,
Alabama,Statistical Assistants,50,30.5,0.028,0.42,19.48,40510,3.3,,,,,,,,,,,,,,,,,,,,,
Alabama,"Office and Administrative Support Workers, All Other",1380,13.1,0.7,0.55,18.74,38980,2.1,,,,,,,,,,,,,,,,,,,,,
Alabama,"Farming, Fishing, and Forestry Occupations",5970,5.7,3.024,0.92,15.93,33140,2.7,,,,,,,,,,,,,,,,,,,,,
Alabama,"First-Line Supervisors of Farming, Fishing, and Forestry Workers",270,19.7,0.139,0.9,33.19,69040,4.9,,,,,,,,,,,,,,,,,,,,,
Alabama,"Graders and Sorters, Agricultural Products",460,20.6,0.235,1,12.7,26410,2.5,,,,,,,,,,,,,,,,,,,,,
Alabama,Agricultural Equipment Operators,150,24,0.078,0.43,12.32,25630,5,,,,,,,,,,,,,,,,,,,,,
Alabama,"Farmworkers and Laborers, Crop, Nursery, and Greenhouse",750,21.2,0.381,0.19,10.77,22400,2.2,,,,,,,,,,,,,,,,,,,,,
Alabama,"Farmworkers, Farm, Ranch, and Aquacultural Animals",1280,11.4,0.646,2.59,13.33,27720,2.7,,,,,,,,,,,,,,,,,,,,,
Alabama,"Agricultural Workers, All Other",180,33.4,0.094,2.1,13.46,27990,8.7,,,,,,,,,,,,,,,,,,,,,
Alabama,Fallers,**,**,**,**,23.41,48700,5.5,,,,,,,,,,,,,,,,,,,,,
Alabama,Logging Equipment Operators,2150,11.2,1.088,6.14,17.04,35450,4.7,,,,,,,,,,,,,,,,,,,,,
Alabama,Log Graders and Scalers,160,16.8,0.082,3.66,18.65,38790,2.2,,,,,,,,,,,,,,,,,,,,,
Alabama,"Logging Workers, All Other",70,40.8,0.036,1.4,16.82,34990,6.6,,,,,,,,,,,,,,,,,,,,,
Alabama,Construction and Extraction Occupations,83040,1.7,42.063,1,20.76,43190,0.7,,,,,,,,,,,,,,,,,,,,,
Alabama,First-Line Supervisors of Construction Trades and Extraction Workers,11580,3.1,5.867,1.38,30.34,63100,1.1,,,,,,,,,,,,,,,,,,,,,
Alabama,Boilermakers,360,13.1,0.182,1.69,27.5,57200,2.3,,,,,,,,,,,,,,,,,,,,,
Alabama,Brickmasons and Blockmasons,470,14.9,0.237,0.57,20.47,42570,2.6,,,,,,,,,,,,,,,,,,,,,
Alabama,Stonemasons,150,32.7,0.075,0.89,19.81,41200,3.9,,,,,,,,,,,,,,,,,,,,,
Alabama,Carpenters,6300,5.8,3.192,0.64,20.08,41770,1.9,,,,,,,,,,,,,,,,,,,,,
Alabama,Carpet Installers,110,23.6,0.056,0.31,21.5,44720,5.2,,,,,,,,,,,,,,,,,,,,,
Alabama,"Floor Layers, Except Carpet, Wood, and Hard Tiles",230,25,0.118,1.06,17.71,36830,4.7,,,,,,,,,,,,,,,,,,,,,
Alabama,Tile and Stone Setters,290,22.7,0.144,0.52,17.13,35640,8.8,,,,,,,,,,,,,,,,,,,,,
Alabama,Cement Masons and Concrete Finishers,1970,11.6,0.996,0.75,18.45,38380,2.3,,,,,,,,,,,,,,,,,,,,,
Alabama,Construction Laborers,11420,3.8,5.787,0.83,15.83,32920,1.3,,,,,,,,,,,,,,,,,,,,,
Alabama,"Paving, Surfacing, and Tamping Equipment Operators",880,11.6,0.446,1.43,16.82,34980,2.2,,,,,,,,,,,,,,,,,,,,,
Alabama,Operating Engineers and Other Construction Equipment Operators,7250,4.5,3.671,1.33,19.83,41240,1.6,,,,,,,,,,,,,,,,,,,,,
Alabama,Drywall and Ceiling Tile Installers,720,29.7,0.367,0.52,16.75,34850,2.1,,,,,,,,,,,,,,,,,,,,,
Alabama,Electricians,9760,5.8,4.942,1.05,22.83,47490,1.2,,,,,,,,,,,,,,,,,,,,,
Alabama,Glaziers,630,19.2,0.318,0.89,18.16,37770,3.1,,,,,,,,,,,,,,,,,,,,,
Alabama,"Insulation Workers, Floor, Ceiling, and Wall",620,14.1,0.315,1.38,19.07,39670,3.7,,,,,,,,,,,,,,,,,,,,,
Alabama,"Insulation Workers, Mechanical",330,24.4,0.165,0.91,21.38,44470,4.9,,,,,,,,,,,,,,,,,,,,,
Alabama,"Painters, Construction and Maintenance",2380,7.3,1.206,0.76,17.64,36700,1.6,,,,,,,,,,,,,,,,,,,,,
Alabama,Pipelayers,2040,10.6,1.032,4.18,17.3,35970,2.6,,,,,,,,,,,,,,,,,,,,,
Alabama,"Plumbers, Pipefitters, and Steamfitters",6700,6.4,3.393,1.13,22.43,46650,1.7,,,,,,,,,,,,,,,,,,,,,
Alabama,Plasterers and Stucco Masons,**,**,**,**,18.62,38740,5.7,,,,,,,,,,,,,,,,,,,,,
Alabama,Reinforcing Iron and Rebar Workers,140,29.3,0.072,0.56,20.96,43590,5.1,,,,,,,,,,,,,,,,,,,,,
Alabama,Roofers,1030,9.9,0.519,0.59,17.04,35440,1.7,,,,,,,,,,,,,,,,,,,,,
Alabama,Sheet Metal Workers,1200,10,0.608,0.68,20.06,41720,2.7,,,,,,,,,,,,,,,,,,,,,
Alabama,Structural Iron and Steel Workers,1370,15.9,0.692,1.33,22.99,47820,2.1,,,,,,,,,,,,,,,,,,,,,
Alabama,"Helpers--Brickmasons, Blockmasons, Stonemasons, and Tile and Marble Setters",350,14.7,0.175,1.1,14.66,30480,3.9,,,,,,,,,,,,,,,,,,,,,
Alabama,Helpers--Carpenters,380,18.9,0.194,0.86,13.86,28830,2.4,,,,,,,,,,,,,,,,,,,,,
Alabama,Helpers--Electricians,1890,12,0.959,1.78,13.49,28050,1.6,,,,,,,,,,,,,,,,,,,,,
Alabama,"Helpers--Painters, Paperhangers, Plasterers, and Stucco Masons",90,30.1,0.044,0.59,11.01,22890,6.6,,,,,,,,,,,,,,,,,,,,,
Alabama,"Helpers--Pipelayers, Plumbers, Pipefitters, and Steamfitters",1440,12.8,0.728,1.83,13.32,27700,2.7,,,,,,,,,,,,,,,,,,,,,
Alabama,Helpers--Roofers,90,29,0.047,0.77,13.89,28890,6.8,,,,,,,,,,,,,,,,,,,,,
Alabama,"Helpers, Construction Trades, All Other",450,21.6,0.226,1.16,13.63,28350,4.8,,,,,,,,,,,,,,,,,,,,,
Alabama,Construction and Building Inspectors,1440,12,0.732,0.97,27.2,56580,3.5,,,,,,,,,,,,,,,,,,,,,
Alabama,Elevator and Escalator Installers and Repairers,190,20.5,0.098,0.51,34.74,72260,4.8,,,,,,,,,,,,,,,,,,,,,
Alabama,Fence Erectors,570,30,0.288,1.63,13.18,27420,4.3,,,,,,,,,,,,,,,,,,,,,
Alabama,Hazardous Materials Removal Workers,630,22.4,0.317,1.05,22.59,46980,3.9,,,,,,,,,,,,,,,,,,,,,
Alabama,Highway Maintenance Workers,3470,3.6,1.756,1.71,14.82,30830,0.8,,,,,,,,,,,,,,,,,,,,,
Alabama,Rail-Track Laying and Maintenance Equipment Operators,140,25.8,0.072,0.65,23.16,48160,3.9,,,,,,,,,,,,,,,,,,,,,
Alabama,Septic Tank Servicers and Sewer Pipe Cleaners,330,16.7,0.167,0.82,16.25,33810,3.9,,,,,,,,,,,,,,,,,,,,,
Alabama,Miscellaneous Construction and Related Workers,890,18,0.449,2.06,18.82,39140,2.9,,,,,,,,,,,,,,,,,,,,,
Alabama,"Rotary Drill Operators, Oil and Gas",50,47.3,0.027,0.19,18.05,37530,4.3,,,,,,,,,,,,,,,,,,,,,
Alabama,"Service Unit Operators, Oil and Gas",110,45.3,0.053,0.15,26.95,56060,5.4,,,,,,,,,,,,,,,,,,,,,
Alabama,"Excavating and Loading Machine and Dragline Operators, Surface Mining",610,12.5,0.311,1.04,19.9,41380,5.2,,,,,,,,,,,,,,,,,,,,,
Alabama,Continuous Mining Machine Operators,210,13.3,0.107,1.07,25.61,53270,2.2,,,,,,,,,,,,,,,,,,,,,
Alabama,"Loading and Moving Machine Operators, Underground Mining",120,14.4,0.059,2.05,25.69,53430,5.3,,,,,,,,,,,,,,,,,,,,,
Alabama,"Roustabouts, Oil and Gas",**,**,**,**,19.8,41190,2.5,,,,,,,,,,,,,,,,,,,,,
Alabama,Helpers--Extraction Workers,260,5.4,0.131,1.15,27.18,56530,3,,,,,,,,,,,,,,,,,,,,,
Alabama,"Earth Drillers, Except Oil and Gas; and Explosives Workers, Ordnance Handling Experts, and Blasters",330,17.9,0.166,0.98,20.39,42420,4.4,,,,,,,,,,,,,,,,,,,,,
Alabama,"Underground Mining Machine Operators and Extraction Workers, All Other",400,27.5,0.201,2.15,21.02,43720,3.5,,,,,,,,,,,,,,,,,,,,,
Alabama,"Installation, Maintenance, and Repair Occupations",98500,1.5,49.893,1.28,22.75,47310,0.7,,,,,,,,,,,,,,,,,,,,,
Alabama,"First-Line Supervisors of Mechanics, Installers, and Repairers",9380,2.6,4.751,1.44,31.88,66310,0.9,,,,,,,,,,,,,,,,,,,,,
Alabama,"Computer, Automated Teller, and Office Machine Repairers",1590,8.8,0.806,1.2,19.21,39950,2.8,,,,,,,,,,,,,,,,,,,,,
Alabama,"Radio, Cellular, and Tower Equipment Installers and Repairers",370,35.2,0.189,1.93,19.45,40450,7.1,,,,,,,,,,,,,,,,,,,,,
Alabama,"Telecommunications Equipment Installers and Repairers, Except Line Installers",3650,8.8,1.849,1.3,28.45,59180,2.2,,,,,,,,,,,,,,,,,,,,,
Alabama,Avionics Technicians,960,29.6,0.484,3.27,*,*,*,,,,,,,,,,,,,,,,,,,,,
Alabama,"Electric Motor, Power Tool, and Related Repairers",440,19.7,0.221,2.04,21.84,45440,4.1,,,,,,,,,,,,,,,,,,,,,
Alabama,"Electrical and Electronics Installers and Repairers, Transportation Equipment",150,8.1,0.078,1.17,22.77,47360,4.2,,,,,,,,,,,,,,,,,,,,,
Alabama,"Electrical and Electronics Repairers, Commercial and Industrial Equipment",1350,5.5,0.682,1.7,28.02,58280,1.9,,,,,,,,,,,,,,,,,,,,,
Alabama,"Electrical and Electronics Repairers, Powerhouse, Substation, and Relay",840,8.3,0.426,2.76,37.24,77460,1.9,,,,,,,,,,,,,,,,,,,,,
Alabama,"Electronic Equipment Installers and Repairers, Motor Vehicles",70,41,0.036,0.52,13.86,28820,6.8,,,,,,,,,,,,,,,,,,,,,
Alabama,Audiovisual Equipment Installers and Repairers,150,21.9,0.075,0.43,16.32,33950,6.2,,,,,,,,,,,,,,,,,,,,,
Alabama,Security and Fire Alarm Systems Installers,1120,13.4,0.569,1.17,21.8,45350,4.3,,,,,,,,,,,,,,,,,,,,,
Alabama,Aircraft Mechanics and Service Technicians,**,**,**,**,30.88,64230,3,,,,,,,,,,,,,,,,,,,,,
Alabama,Automotive Body and Related Repairers,2420,8.1,1.227,1.25,20.38,42390,3,,,,,,,,,,,,,,,,,,,,,
Alabama,Automotive Glass Installers and Repairers,460,47.1,0.232,1.76,18.47,38420,13.7,,,,,,,,,,,,,,,,,,,,,
Alabama,Automotive Service Technicians and Mechanics,8550,4.9,4.332,0.97,20.37,42360,1.5,,,,,,,,,,,,,,,,,,,,,
Alabama,Bus and Truck Mechanics and Diesel Engine Specialists,4790,6.9,2.424,1.34,21.67,45080,1.3,,,,,,,,,,,,,,,,,,,,,
Alabama,Farm Equipment Mechanics and Service Technicians,620,14.6,0.313,1.27,21.84,45420,2.2,,,,,,,,,,,,,,,,,,,,,
Alabama,"Mobile Heavy Equipment Mechanics, Except Engines",3130,8.5,1.586,1.58,24.38,50710,1.6,,,,,,,,,,,,,,,,,,,,,
Alabama,Rail Car Repairers,320,24.1,0.16,0.9,22.09,45940,3.5,,,,,,,,,,,,,,,,,,,,,
Alabama,Motorboat Mechanics and Service Technicians,450,14.8,0.23,1.47,18.63,38740,4.8,,,,,,,,,,,,,,,,,,,,,
Alabama,Motorcycle Mechanics,310,17.4,0.155,1.46,18.54,38560,3.1,,,,,,,,,,,,,,,,,,,,,
Alabama,Outdoor Power Equipment and Other Small Engine Mechanics,620,17.9,0.314,1.44,17,35360,2.7,,,,,,,,,,,,,,,,,,,,,
Alabama,Recreational Vehicle Service Technicians,270,21.5,0.137,1.3,17.12,35610,5.8,,,,,,,,,,,,,,,,,,,,,
Alabama,Tire Repairers and Changers,3130,11.2,1.587,2.1,12.99,27020,2.6,,,,,,,,,,,,,,,,,,,,,
Alabama,Mechanical Door Repairers,230,44.5,0.117,0.74,19.68,40940,7,,,,,,,,,,,,,,,,,,,,,
Alabama,"Control and Valve Installers and Repairers, Except Mechanical Door",1100,12.9,0.555,1.56,22.16,46100,3.1,,,,,,,,,,,,,,,,,,,,,
Alabama,"Heating, Air Conditioning, and Refrigeration Mechanics and Installers",6430,6.5,3.258,1.4,20.76,43170,2,,,,,,,,,,,,,,,,,,,,,
Alabama,Home Appliance Repairers,250,31.7,0.127,0.6,18.25,37960,4.7,,,,,,,,,,,,,,,,,,,,,
Alabama,Industrial Machinery Mechanics,12280,3.5,6.22,2.36,24.66,51290,1.1,,,,,,,,,,,,,,,,,,,,,
Alabama,"Maintenance Workers, Machinery",1550,11.7,0.785,1.58,19.76,41100,2.3,,,,,,,,,,,,,,,,,,,,,
Alabama,Millwrights,1370,9.2,0.696,2.16,23.15,48140,1.8,,,,,,,,,,,,,,,,,,,,,
Alabama,"Refractory Materials Repairers, Except Brickmasons",50,33.1,0.028,4.95,24.9,51800,5.7,,,,,,,,,,,,,,,,,,,,,
Alabama,Electrical Power-Line Installers and Repairers,3170,9.7,1.605,2.11,33.48,69640,2,,,,,,,,,,,,,,,,,,,,,
Alabama,Telecommunications Line Installers and Repairers,1330,14.4,0.676,0.82,22.14,46060,3.1,,,,,,,,,,,,,,,,,,,,,
Alabama,Medical Equipment Repairers,630,10.2,0.321,1.02,22.21,46190,2.6,,,,,,,,,,,,,,,,,,,,,
Alabama,Musical Instrument Repairers and Tuners,90,35.2,0.047,0.85,14.94,31070,7.4,,,,,,,,,,,,,,,,,,,,,
Alabama,"Precision Instrument and Equipment Repairers, All Other",170,18.1,0.087,1.2,24.3,50530,3.2,,,,,,,,,,,,,,,,,,,,,
Alabama,"Maintenance and Repair Workers, General",15240,3,7.718,0.8,17.29,35960,0.8,,,,,,,,,,,,,,,,,,,,,
Alabama,"Coin, Vending, and Amusement Machine Servicers and Repairers",750,15.6,0.379,1.78,17.03,35430,2,,,,,,,,,,,,,,,,,,,,,
Alabama,Commercial Divers,**,**,**,**,30.74,63930,4.3,,,,,,,,,,,,,,,,,,,,,
Alabama,Locksmiths and Safe Repairers,300,30,0.152,1.31,17.74,36890,3.3,,,,,,,,,,,,,,,,,,,,,
Alabama,Manufactured Building and Mobile Home Installers,**,**,**,**,16.79,34910,3.8,,,,,,,,,,,,,,,,,,,,,
Alabama,Riggers,390,20.7,0.196,1.25,21.48,44680,3.6,,,,,,,,,,,,,,,,,,,,,
Alabama,"Helpers--Installation, Maintenance, and Repair Workers",2070,8.9,1.047,1.55,13.78,28660,2.2,,,,,,,,,,,,,,,,,,,,,
Alabama,"Installation, Maintenance, and Repair Workers, All Other",2440,14.9,1.236,1.13,17.96,37350,4.4,,,,,,,,,,,,,,,,,,,,,
Alabama,Production Occupations,219280,1.8,111.074,1.78,17.51,36410,1.2,,,,,,,,,,,,,,,,,,,,,
Alabama,First-Line Supervisors of Production and Operating Workers,14250,1.8,7.219,1.68,30.31,63050,1,,,,,,,,,,,,,,,,,,,,,
Alabama,"Aircraft Structure, Surfaces, Rigging, and Systems Assemblers",1080,11.7,0.549,1.88,26.01,54090,7.7,,,,,,,,,,,,,,,,,,,,,
Alabama,"Coil Winders, Tapers, and Finishers",320,5.8,0.162,1.88,19.16,39850,4.6,,,,,,,,,,,,,,,,,,,,,
Alabama,"Electrical, Electronic, and Electromechanical Assemblers, Except Coil Winders, Tapers, and Finishers",3800,7.3,1.923,0.99,15.99,33270,2.3,,,,,,,,,,,,,,,,,,,,,
Alabama,Engine and Other Machine Assemblers,1050,7.8,0.533,1.7,22.11,45990,9.9,,,,,,,,,,,,,,,,,,,,,
Alabama,Structural Metal Fabricators and Fitters,2980,8.7,1.509,2.88,19.78,41150,5.3,,,,,,,,,,,,,,,,,,,,,
Alabama,Fiberglass Laminators and Fabricators,310,24.4,0.158,1.16,14.45,30050,7.5,,,,,,,,,,,,,,,,,,,,,
Alabama,Miscellaneous Assemblers and Fabricators,39160,5.4,19.836,2.12,16.64,34610,4.2,,,,,,,,,,,,,,,,,,,,,
Alabama,Bakers,1610,11.1,0.813,0.65,12.53,26070,2.5,,,,,,,,,,,,,,,,,,,,,
Alabama,Butchers and Meat Cutters,1800,13.8,0.913,0.98,14.04,29190,3.4,,,,,,,,,,,,,,,,,,,,,
Alabama,"Meat, Poultry, and Fish Cutters and Trimmers",11580,11.3,5.867,5.6,11.2,23310,1.6,,,,,,,,,,,,,,,,,,,,,
Alabama,Slaughterers and Meat Packers,3370,16.8,1.708,3.42,10.86,22590,2.3,,,,,,,,,,,,,,,,,,,,,
Alabama,"Food and Tobacco Roasting, Baking, and Drying Machine Operators and Tenders",160,17.8,0.079,0.56,13.09,27240,4,,,,,,,,,,,,,,,,,,,,,
Alabama,Food Batchmakers,1180,16.3,0.597,0.55,13.65,28380,3.8,,,,,,,,,,,,,,,,,,,,,
Alabama,Food Cooking Machine Operators and Tenders,820,22.2,0.414,2.02,13.09,27230,3.2,,,,,,,,,,,,,,,,,,,,,
Alabama,"Food Processing Workers, All Other",550,13.4,0.276,0.95,13.39,27840,2.2,,,,,,,,,,,,,,,,,,,,,
Alabama,"Extruding and Drawing Machine Setters, Operators, and Tenders, Metal and Plastic",2070,16.8,1.049,2,14.66,30480,5.6,,,,,,,,,,,,,,,,,,,,,
Alabama,"Forging Machine Setters, Operators, and Tenders, Metal and Plastic",1550,25.7,0.785,7.06,19.3,40150,4.3,,,,,,,,,,,,,,,,,,,,,
Alabama,"Rolling Machine Setters, Operators, and Tenders, Metal and Plastic",1620,10,0.823,3.72,17.76,36950,7.7,,,,,,,,,,,,,,,,,,,,,
Alabama,"Cutting, Punching, and Press Machine Setters, Operators, and Tenders, Metal and Plastic",6260,6.6,3.17,2.39,16.95,35260,1.5,,,,,,,,,,,,,,,,,,,,,
Alabama,"Drilling and Boring Machine Tool Setters, Operators, and Tenders, Metal and Plastic",500,6.9,0.251,3.39,21.52,44770,6,,,,,,,,,,,,,,,,,,,,,
Alabama,"Grinding, Lapping, Polishing, and Buffing Machine Tool Setters, Operators, and Tenders, Metal and Plastic",1850,9.4,0.937,1.79,16.69,34720,2.5,,,,,,,,,,,,,,,,,,,,,
Alabama,"Lathe and Turning Machine Tool Setters, Operators, and Tenders, Metal and Plastic",350,24.1,0.177,0.93,16,33280,3.9,,,,,,,,,,,,,,,,,,,,,
Alabama,"Milling and Planing Machine Setters, Operators, and Tenders, Metal and Plastic",**,**,**,**,23.29,48440,4.4,,,,,,,,,,,,,,,,,,,,,
Alabama,Machinists,5770,5,2.921,1.12,21.81,45350,1.5,,,,,,,,,,,,,,,,,,,,,
Alabama,Metal-Refining Furnace Operators and Tenders,1390,11.5,0.705,6.04,16.84,35030,6.7,,,,,,,,,,,,,,,,,,,,,
Alabama,"Pourers and Casters, Metal",300,20.4,0.154,2.82,19.82,41220,11.1,,,,,,,,,,,,,,,,,,,,,
Alabama,"Patternmakers, Metal and Plastic",210,7.3,0.108,5.28,20.96,43600,3.8,,,,,,,,,,,,,,,,,,,,,
Alabama,Foundry Mold and Coremakers,640,5,0.322,2.69,18.36,38190,3.6,,,,,,,,,,,,,,,,,,,,,
Alabama,"Molding, Coremaking, and Casting Machine Setters, Operators, and Tenders, Metal and Plastic",4320,13.2,2.188,1.86,16.37,34050,4,,,,,,,,,,,,,,,,,,,,,
Alabama,"Multiple Machine Tool Setters, Operators, and Tenders, Metal and Plastic",3360,15.7,1.704,1.7,16.75,34830,1.8,,,,,,,,,,,,,,,,,,,,,
Alabama,Tool and Die Makers,840,5.3,0.426,0.88,25.67,53400,2,,,,,,,,,,,,,,,,,,,,,
Alabama,"Welders, Cutters, Solderers, and Brazers",10080,2.9,5.106,1.83,19.67,40910,1.4,,,,,,,,,,,,,,,,,,,,,
Alabama,"Welding, Soldering, and Brazing Machine Setters, Operators, and Tenders",680,8.2,0.345,1.44,17.77,36960,2.1,,,,,,,,,,,,,,,,,,,,,
Alabama,"Heat Treating Equipment Setters, Operators, and Tenders, Metal and Plastic",**,**,**,**,19.82,41230,5.1,,,,,,,,,,,,,,,,,,,,,
Alabama,"Layout Workers, Metal and Plastic",520,14,0.265,4.77,14.2,29530,4.3,,,,,,,,,,,,,,,,,,,,,
Alabama,"Plating Machine Setters, Operators, and Tenders, Metal and Plastic",650,12.3,0.327,1.15,15.69,32630,2.7,,,,,,,,,,,,,,,,,,,,,
Alabama,"Tool Grinders, Filers, and Sharpeners",270,11.7,0.135,3.07,15.68,32600,3.5,,,,,,,,,,,,,,,,,,,,,
Alabama,"Metal Workers and Plastic Workers, All Other",530,22.4,0.267,1.61,19.65,40870,6.1,,,,,,,,,,,,,,,,,,,,,
Alabama,Prepress Technicians and Workers,290,21.3,0.145,0.7,17.16,35680,7.1,,,,,,,,,,,,,,,,,,,,,
Alabama,Printing Press Operators,2100,7.5,1.064,0.9,14.63,30440,2.6,,,,,,,,,,,,,,,,,,,,,
Alabama,Print Binding and Finishing Workers,290,34.7,0.147,0.47,17.14,35650,6.2,,,,,,,,,,,,,,,,,,,,,
Alabama,Laundry and Dry-Cleaning Workers,3000,7.5,1.517,1.06,10.67,22200,1.3,,,,,,,,,,,,,,,,,,,,,
Alabama,"Pressers, Textile, Garment, and Related Materials",680,17.8,0.343,1.32,10.82,22500,2.3,,,,,,,,,,,,,,,,,,,,,
Alabama,Sewing Machine Operators,2640,9.2,1.339,1.47,11.34,23580,2.3,,,,,,,,,,,,,,,,,,,,,
Alabama,Shoe and Leather Workers and Repairers,40,42.5,0.02,0.33,12.55,26110,11.3,,,,,,,,,,,,,,,,,,,,,
Alabama,"Sewers, Hand",**,**,**,**,15.91,33090,5.2,,,,,,,,,,,,,,,,,,,,,
Alabama,"Tailors, Dressmakers, and Custom Sewers",220,29.4,0.114,0.69,14.99,31170,4.1,,,,,,,,,,,,,,,,,,,,,
Alabama,Textile Bleaching and Dyeing Machine Operators and Tenders,130,18.1,0.068,1.15,14.74,30670,3.7,,,,,,,,,,,,,,,,,,,,,
Alabama,"Textile Cutting Machine Setters, Operators, and Tenders",300,11.7,0.15,1.67,11.93,24820,2.7,,,,,,,,,,,,,,,,,,,,,
Alabama,"Textile Knitting and Weaving Machine Setters, Operators, and Tenders",1170,18.2,0.592,4.11,14.09,29300,2.3,,,,,,,,,,,,,,,,,,,,,
Alabama,"Textile Winding, Twisting, and Drawing Out Machine Setters, Operators, and Tenders",2480,11.8,1.259,5.93,14.87,30930,3.4,,,,,,,,,,,,,,,,,,,,,
Alabama,"Extruding and Forming Machine Setters, Operators, and Tenders, Synthetic and Glass Fibers",1030,20.1,0.522,4.21,18.99,39500,4,,,,,,,,,,,,,,,,,,,,,
Alabama,Upholsterers,170,26.1,0.085,0.43,15.55,32340,3.9,,,,,,,,,,,,,,,,,,,,,
Alabama,"Textile, Apparel, and Furnishings Workers, All Other",380,39.5,0.19,1.55,13.8,28700,4.6,,,,,,,,,,,,,,,,,,,,,
Alabama,Cabinetmakers and Bench Carpenters,2360,12.4,1.197,1.77,14.14,29420,1.7,,,,,,,,,,,,,,,,,,,,,
Alabama,Furniture Finishers,450,27.4,0.227,2.05,13.62,28330,4.3,,,,,,,,,,,,,,,,,,,,,
Alabama,"Sawing Machine Setters, Operators, and Tenders, Wood",2330,12,1.183,3.42,14.74,30660,3.1,,,,,,,,,,,,,,,,,,,,,
Alabama,"Woodworking Machine Setters, Operators, and Tenders, Except Sawing",2030,10,1.028,1.91,14.62,30400,1.8,,,,,,,,,,,,,,,,,,,,,
Alabama,"Woodworkers, All Other",260,18.7,0.134,2.94,13.54,28160,6.3,,,,,,,,,,,,,,,,,,,,,
Alabama,Power Distributors and Dispatchers,380,8.7,0.192,2.62,46.28,96270,3.2,,,,,,,,,,,,,,,,,,,,,
Alabama,Power Plant Operators,680,11.6,0.344,1.5,34.94,72670,1.4,,,,,,,,,,,,,,,,,,,,,
Alabama,Stationary Engineers and Boiler Operators,280,13,0.144,0.65,20.97,43620,4.1,,,,,,,,,,,,,,,,,,,,,
Alabama,Water and Wastewater Treatment Plant and System Operators,2190,6.8,1.112,1.32,20.77,43200,2.2,,,,,,,,,,,,,,,,,,,,,
Alabama,Chemical Plant and System Operators,1070,10.6,0.544,2.77,35.04,72880,2.4,,,,,,,,,,,,,,,,,,,,,
Alabama,Gas Plant Operators,300,29.3,0.154,1.57,34.12,70970,2.7,,,,,,,,,,,,,,,,,,,,,
Alabama,"Petroleum Pump System Operators, Refinery Operators, and Gaugers",450,23.9,0.229,0.83,25.77,53600,6.7,,,,,,,,,,,,,,,,,,,,,
Alabama,"Plant and System Operators, All Other",60,24.4,0.03,0.34,25.66,53360,5.9,,,,,,,,,,,,,,,,,,,,,
Alabama,Chemical Equipment Operators and Tenders,1860,7.2,0.94,1.58,25.93,53930,3,,,,,,,,,,,,,,,,,,,,,
Alabama,"Separating, Filtering, Clarifying, Precipitating, and Still Machine Setters, Operators, and Tenders",270,16,0.135,0.39,19,39520,4.3,,,,,,,,,,,,,,,,,,,,,
Alabama,"Crushing, Grinding, and Polishing Machine Setters, Operators, and Tenders",940,10.7,0.477,2.1,18.55,38580,4.7,,,,,,,,,,,,,,,,,,,,,
Alabama,"Grinding and Polishing Workers, Hand",770,15.9,0.391,1.97,14.6,30360,3.5,,,,,,,,,,,,,,,,,,,,,
Alabama,"Mixing and Blending Machine Setters, Operators, and Tenders",1900,7.8,0.964,1.13,19.59,40750,3.1,,,,,,,,,,,,,,,,,,,,,
Alabama,"Cutters and Trimmers, Hand",310,17.8,0.155,2.35,13.5,28080,3.6,,,,,,,,,,,,,,,,,,,,,
Alabama,"Cutting and Slicing Machine Setters, Operators, and Tenders",1450,12.7,0.736,1.87,17.19,35760,2.6,,,,,,,,,,,,,,,,,,,,,
Alabama,"Extruding, Forming, Pressing, and Compacting Machine Setters, Operators, and Tenders",2680,5.2,1.358,2.78,18.87,39240,3.2,,,,,,,,,,,,,,,,,,,,,
Alabama,"Furnace, Kiln, Oven, Drier, and Kettle Operators and Tenders",780,9.1,0.395,3.06,21.98,45710,4.4,,,,,,,,,,,,,,,,,,,,,
Alabama,"Inspectors, Testers, Sorters, Samplers, and Weighers",12380,3.4,6.269,1.6,16.96,35280,1.6,,,,,,,,,,,,,,,,,,,,,
Alabama,Jewelers and Precious Stone and Metal Workers,280,16,0.143,0.89,22.5,46790,7.3,,,,,,,,,,,,,,,,,,,,,
Alabama,Dental Laboratory Technicians,920,6.7,0.466,1.99,17.23,35840,1.4,,,,,,,,,,,,,,,,,,,,,
Alabama,Medical Appliance Technicians,110,31,0.056,0.58,21.98,45710,8.4,,,,,,,,,,,,,,,,,,,,,
Alabama,Ophthalmic Laboratory Technicians,160,17.7,0.079,0.4,15.24,31700,7.2,,,,,,,,,,,,,,,,,,,,,
Alabama,Packaging and Filling Machine Operators and Tenders,2820,6.8,1.43,0.54,14.59,30340,2.3,,,,,,,,,,,,,,,,,,,,,
Alabama,"Painting, Coating, and Decorating Workers",310,20.7,0.158,1.86,14.63,30430,4.4,,,,,,,,,,,,,,,,,,,,,
Alabama,"Coating, Painting, and Spraying Machine Setters, Operators, and Tenders",2970,5.4,1.503,1.51,17.9,37230,1.7,,,,,,,,,,,,,,,,,,,,,
Alabama,Computer Numerically Controlled Tool Operators,2090,16.5,1.061,1.03,19.33,40200,1.2,,,,,,,,,,,,,,,,,,,,,
Alabama,Computer Numerically Controlled Tool Programmers,400,10.3,0.202,1.16,23.95,49820,2.3,,,,,,,,,,,,,,,,,,,,,
Alabama,Adhesive Bonding Machine Operators and Tenders,290,17.7,0.147,1.55,15.74,32730,7.7,,,,,,,,,,,,,,,,,,,,,
Alabama,"Cleaning, Washing, and Metal Pickling Equipment Operators and Tenders",350,27,0.176,1.57,14.32,29780,5.8,,,,,,,,,,,,,,,,,,,,,
Alabama,Cooling and Freezing Equipment Operators and Tenders,260,27.7,0.134,2.25,14.47,30100,4.3,,,,,,,,,,,,,,,,,,,,,
Alabama,Etchers and Engravers,70,39.1,0.035,0.5,18.1,37640,9.8,,,,,,,,,,,,,,,,,,,,,
Alabama,"Molders, Shapers, and Casters, Except Metal and Plastic",500,21,0.253,0.83,16.44,34200,4,,,,,,,,,,,,,,,,,,,,,
Alabama,"Paper Goods Machine Setters, Operators, and Tenders",3230,15.9,1.635,2.4,23.01,47850,7.1,,,,,,,,,,,,,,,,,,,,,
Alabama,Helpers--Production Workers,17370,4.3,8.8,4.27,12.47,25940,2.2,,,,,,,,,,,,,,,,,,,,,
Alabama,"Production Workers, All Other",5150,22.2,2.609,1.72,13.52,28110,3,,,,,,,,,,,,,,,,,,,,,
Alabama,Transportation and Material Moving Occupations,170120,1.6,86.174,1.01,16.06,33400,0.9,,,,,,,,,,,,,,,,,,,,,
Alabama,Aircraft Cargo Handling Supervisors,**,**,**,**,21.22,44140,12,,,,,,,,,,,,,,,,,,,,,
Alabama,"First-Line Supervisors of Transportation and Material Moving Workers, Except Aircraft Cargo Handling Supervisors",6930,3.5,3.509,1.13,25.62,53300,0.9,,,,,,,,,,,,,,,,,,,,,
Alabama,"Airline Pilots, Copilots, and Flight Engineers",300,0.8,0.154,0.27,*,104520,2.4,,,,,,,,,,,,,,,,,,,,,
Alabama,Commercial Pilots,1070,7.7,0.541,2.1,*,89790,3.5,,,,,,,,,,,,,,,,,,,,,
Alabama,Air Traffic Controllers,250,1.4,0.127,0.84,44.95,93500,1.9,,,,,,,,,,,,,,,,,,,,,
Alabama,Airfield Operations Specialists,80,13.3,0.041,0.57,26.83,55800,4.6,,,,,,,,,,,,,,,,,,,,,
Alabama,"Ambulance Drivers and Attendants, Except Emergency Medical Technicians",440,19.1,0.225,2.24,11.92,24800,5.7,,,,,,,,,,,,,,,,,,,,,
Alabama,Driver/Sales Workers,3910,9.1,1.978,0.65,16.81,34970,3.4,,,,,,,,,,,,,,,,,,,,,
Alabama,Heavy and Tractor-Trailer Truck Drivers,31150,3.2,15.777,1.25,20.77,43200,1.5,,,,,,,,,,,,,,,,,,,,,
Alabama,Light Truck Drivers,13810,5.7,6.995,1.11,15.8,32860,2.3,,,,,,,,,,,,,,,,,,,,,
Alabama,"Bus Drivers, Transit and Intercity",1600,10.8,0.812,0.66,15.33,31880,2.8,,,,,,,,,,,,,,,,,,,,,
Alabama,"Passenger Vehicle Drivers, Except Bus Drivers, Transit and Intercity",10920,8.3,5.532,1.16,9.41,19560,1.6,,,,,,,,,,,,,,,,,,,,,
Alabama,"Motor Vehicle Operators, All Other",420,26.9,0.212,0.55,18.62,38740,4.7,,,,,,,,,,,,,,,,,,,,,
Alabama,Locomotive Engineers,**,**,**,**,27.07,56300,9.4,,,,,,,,,,,,,,,,,,,,,
Alabama,"Rail Yard Engineers, Dinkey Operators, and Hostlers",**,**,**,**,21.63,44990,5.3,,,,,,,,,,,,,,,,,,,,,
Alabama,"Railroad Brake, Signal, and Switch Operators and Locomotive Firers",200,38.3,0.101,1.34,23.31,48480,8,,,,,,,,,,,,,,,,,,,,,
Alabama,Railroad Conductors and Yardmasters,**,**,**,**,28.33,58920,4.6,,,,,,,,,,,,,,,,,,,,,
Alabama,"Rail Transportation Workers, All Other",**,**,**,**,23.46,48800,4,,,,,,,,,,,,,,,,,,,,,
Alabama,Sailors and Marine Oilers,230,35.2,0.116,0.54,17.21,35800,5.2,,,,,,,,,,,,,,,,,,,,,
Alabama,"Captains, Mates, and Pilots of Water Vessels",220,29.5,0.114,0.5,29.79,61970,8.6,,,,,,,,,,,,,,,,,,,,,
Alabama,Bridge and Lock Tenders,50,0,0.025,1.16,27.52,57250,1.7,,,,,,,,,,,,,,,,,,,,,
Alabama,Parking Attendants,690,15.1,0.347,0.35,10.37,21570,3.9,,,,,,,,,,,,,,,,,,,,,
Alabama,Automotive and Watercraft Service Attendants,1340,8.8,0.68,0.85,12.01,24970,2.4,,,,,,,,,,,,,,,,,,,,,
Alabama,Traffic Technicians,50,0.3,0.026,0.51,21.44,44590,1.4,,,,,,,,,,,,,,,,,,,,,
Alabama,Transportation Inspectors,660,40.5,0.335,1.64,37.49,77980,3.5,,,,,,,,,,,,,,,,,,,,,
Alabama,"Aircraft Service Attendants and Transportation Workers, All Other",340,40.2,0.175,0.73,15.47,32170,5.4,,,,,,,,,,,,,,,,,,,,,
Alabama,Conveyor Operators and Tenders,220,13.4,0.114,0.69,20.69,43030,4.7,,,,,,,,,,,,,,,,,,,,,
Alabama,Crane and Tower Operators,890,8.6,0.45,1.45,22.7,47210,2.2,,,,,,,,,,,,,,,,,,,,,
Alabama,Hoist and Winch Operators,120,21.6,0.062,1.89,19.58,40730,8.3,,,,,,,,,,,,,,,,,,,,,
Alabama,Industrial Truck and Tractor Operators,9900,4.1,5.016,1.17,16.36,34040,1.4,,,,,,,,,,,,,,,,,,,,,
Alabama,Cleaners of Vehicles and Equipment,5510,8.5,2.793,1.07,11.89,24730,1.8,,,,,,,,,,,,,,,,,,,,,
Alabama,"Laborers and Freight, Stock, and Material Movers, Hand",39900,3.3,20.212,1.01,13.37,27810,0.9,,,,,,,,,,,,,,,,,,,,,
Alabama,Machine Feeders and Offbearers,1660,6.7,0.843,1.96,15.9,33070,2.4,,,,,,,,,,,,,,,,,,,,,
Alabama,"Packers and Packagers, Hand",8350,5.7,4.228,0.98,12.22,25420,2.1,,,,,,,,,,,,,,,,,,,,,
Alabama,Stockers and Order Fillers,23320,2.7,11.815,0.81,13.1,27240,1.1,,,,,,,,,,,,,,,,,,,,,
Alabama,Gas Compressor and Gas Pumping Station Operators,**,**,**,**,23.46,48800,13.3,,,,,,,,,,,,,,,,,,,,,
Alabama,"Pump Operators, Except Wellhead Pumpers",60,21.3,0.031,0.46,27.88,57980,8.8,,,,,,,,,,,,,,,,,,,,,
Alabama,Refuse and Recyclable Material Collectors,2510,8.4,1.274,1.54,15.7,32660,1.5,,,,,,,,,,,,,,,,,,,,,
Alabama,"Tank Car, Truck, and Ship Loaders",760,23.1,0.386,4.88,20.16,41930,6.7,,,,,,,,,,,,,,,,,,,,,
Alabama,"Material Moving Workers, All Other",130,28.5,0.068,0.35,18.71,38910,8.6,,,,,,,,,,,,,,,,,,,,,
